mode,scale_arcmin,method_1,method_2,auc_1,auc_2,delta,ci95_low,ci95_high,bootstrap_fraction_gt0,n_blocks,n_boot
stored,2.0,FUSION,GAUSSIAN_STARLET,0.7107524471795456,0.7216605710878028,-0.010908123908257239,-0.013800775379455012,-0.006197796896391023,0.0,20,10000
stored,2.0,FUSION,MCALENS,0.7107524471795456,0.6759248494878399,0.034827597691705625,0.031376565191575806,0.03896199953495071,1.0,20,10000
stored,2.0,GAUSSIAN_STARLET,MCALENS,0.7216605710878028,0.6759248494878399,0.045735721599962864,0.039281817273113376,0.0509133874917688,1.0,20,10000
observed_mean_zero,2.0,FUSION,GAUSSIAN_STARLET,0.715394156319195,0.7257688125101669,-0.010374656190971887,-0.01302703883671768,-0.0060580129101599055,0.0,20,10000
observed_mean_zero,2.0,FUSION,MCALENS,0.715394156319195,0.6807008810586881,0.03469327526050692,0.03095487932527523,0.038882007964492545,1.0,20,10000
observed_mean_zero,2.0,GAUSSIAN_STARLET,MCALENS,0.7257688125101669,0.6807008810586881,0.045067931451478804,0.03869040492194658,0.050502801941961356,1.0,20,10000
stored,4.0,FUSION,GAUSSIAN_STARLET,0.7535246186365553,0.7402835747692628,0.013241043867292523,0.008565269277777388,0.018696227237233642,1.0,20,10000
stored,4.0,FUSION,MCALENS,0.7535246186365553,0.7289154934923333,0.024609125144221977,0.018312706641900746,0.029327262024149717,1.0,20,10000
stored,4.0,GAUSSIAN_STARLET,MCALENS,0.7402835747692628,0.7289154934923333,0.011368081276929454,0.0030543205232219047,0.018357442852777055,0.9965,20,10000
observed_mean_zero,4.0,FUSION,GAUSSIAN_STARLET,0.7640563159559894,0.7512693516987533,0.012786964257236133,0.007730093694034701,0.01719079639553004,1.0,20,10000
observed_mean_zero,4.0,FUSION,MCALENS,0.7640563159559894,0.7372131476002813,0.026843168355708102,0.021407445292436246,0.031056025496447398,1.0,20,10000
observed_mean_zero,4.0,GAUSSIAN_STARLET,MCALENS,0.7512693516987533,0.7372131476002813,0.01405620409847197,0.006841956798822219,0.020820409432056267,1.0,20,10000
stored,6.0,FUSION,GAUSSIAN_STARLET,0.76315072555753,0.7292394633451298,0.03391126221240026,0.022426639033812736,0.04526951119741407,1.0,20,10000
stored,6.0,FUSION,MCALENS,0.76315072555753,0.7468377819199034,0.016312943637626698,0.006762149870470187,0.025056610417697515,0.9999,20,10000
stored,6.0,GAUSSIAN_STARLET,MCALENS,0.7292394633451298,0.7468377819199034,-0.017598318574773564,-0.033257842428927896,-0.0015226551247192331,0.0176,20,10000
observed_mean_zero,6.0,FUSION,GAUSSIAN_STARLET,0.7787522773136559,0.7453753600270463,0.03337691728660963,0.02351977281126162,0.045966358037832326,1.0,20,10000
observed_mean_zero,6.0,FUSION,MCALENS,0.7787522773136559,0.7594077713954945,0.019344505918161392,0.011137497756139012,0.02906545994129944,1.0,20,10000
observed_mean_zero,6.0,GAUSSIAN_STARLET,MCALENS,0.7453753600270463,0.7594077713954945,-0.014032411368448239,-0.029552675484585067,0.001523253121925594,0.0367,20,10000
