mode,scale_arcmin,method,auc_common,peak_amplitude_ratio,n_amplitude_pairs,n_truth_peaks,common_completeness_min,common_completeness_max
observed_mean_zero,2.0,GAUSSIAN_STARLET,0.7257688125101669,0.4988939424033225,13693,24909,0.02529206310971938,0.7572363402786142
observed_mean_zero,2.0,MCALENS,0.6807008810586881,0.5447361053590678,13279,24909,0.02529206310971938,0.7572363402786142
observed_mean_zero,2.0,FUSION,0.715394156319195,0.5563859031785691,13481,24909,0.02529206310971938,0.7572363402786142
observed_mean_zero,4.0,GAUSSIAN_STARLET,0.7512693516987533,0.6423520217239393,4213,7991,0.011888374421223877,0.7860092604179703
observed_mean_zero,4.0,MCALENS,0.7372131476002813,0.9565853495800175,4180,7991,0.011888374421223877,0.7860092604179703
observed_mean_zero,4.0,FUSION,0.7640563159559894,0.8019780439333382,4217,7991,0.011888374421223877,0.7860092604179703
observed_mean_zero,6.0,GAUSSIAN_STARLET,0.7453753600270463,0.7161011978225632,1905,3878,0.0041258380608561115,0.7630221763795771
observed_mean_zero,6.0,MCALENS,0.7594077713954945,0.9351622236632411,1918,3878,0.0041258380608561115,0.7630221763795771
observed_mean_zero,6.0,FUSION,0.7787522773136559,0.8255661275666393,1932,3878,0.0041258380608561115,0.7630221763795771
