origin,source_path,bytes,source_sha256,decision,destination,reason
cosmos,code/admm_masked.py,17203,85596e655531a5ac3b29329764d39de0c57239b929d2c0328d4d4cef8d4ca352,archive_only,,"Legacy utility, preliminary runner or audit not required by retained manuscript scripts"
cosmos,code/analyze_square_science_diagnostics.py,56160,719a57e6da2ecbf2f230cc51c2774c4aca7504258f901acc4121a2d529180760,archive_only,,"Legacy utility, preliminary runner or audit not required by retained manuscript scripts"
cosmos,code/audit_reduced_shear_existing.py,11261,fd2ed7c390a5a04bee282fb42f6db8f4acb87895a6c7560591a5ace61cfd0105,archive_only,,"Legacy utility, preliminary runner or audit not required by retained manuscript scripts"
cosmos,code/bootstrap_peak_prauc_v5_with_gs_mcalens_bootstrap.py,27537,961a5e229d966b570552e89be00711058d84c3486f38bb0f7c5964c66c96d5af,keep,code/pipeline/bootstrap_peak_prauc_v5_with_gs_mcalens_bootstrap.py,"Final manuscript method, validation, robustness, figures, or Appendix A"
cosmos,code/bootstrap_wiener_vs_gs.py,11077,9e11e2648037f31802a661582a3f83ce82c0e4474c9f9103e0953800bb929039,keep,code/pipeline/bootstrap_wiener_vs_gs.py,"Final manuscript method, validation, robustness, figures, or Appendix A"
cosmos,code/download_data.py,16675,38f319940abc6cb7570c3bba8bbafa3c8d2c80735fee4f5442ae39908e348675,archive_only,,"Legacy utility, preliminary runner or audit not required by retained manuscript scripts"
cosmos,code/fair_adapter.py,11743,980aa014f11210d78f2561c428d3c555f56a0b08d9540944a71dce4201897a8a,archive_only,,"Legacy utility, preliminary runner or audit not required by retained manuscript scripts"
cosmos,code/generate_mcalens_validation_maps.py,22369,8b5559ba8231004756ca01514b61b045ac6b448fb061382a31fc24e04420e5a6,keep,code/pipeline/generate_mcalens_validation_maps.py,"Final manuscript method, validation, robustness, figures, or Appendix A"
cosmos,code/glimpse_interface/audit_glimpse.py,11227,611e00982656b5bdfa8a6cad92e0994d9371872395b384e7c34da25a79199262,archive_only,,"Legacy utility, preliminary runner or audit not required by retained manuscript scripts"
cosmos,code/glimpse_interface/audit_glimpse_configuration.py,14281,3bfc20f98d1f7e3be2594b85f9e035470a6fc6b891c7381d4e194c6a77e6765e,archive_only,,"Legacy utility, preliminary runner or audit not required by retained manuscript scripts"
cosmos,code/glimpse_interface/audit_glimpse_fits_final.py,12817,66725feebd4a31799bd6d17637e2204709492de8e63c7ca19e3935df5e0d8258,keep,code/glimpse/audit_glimpse_fits_final.py,"Final GLIMPSE observations, held-out run or sign/flip/rotation audit"
cosmos,code/glimpse_interface/audit_glimpse_v2.py,29120,57c832cc4d92a4d9a7961dfd3d30f57a21ac95923f274215435486c171b4f594,archive_only,,"Earlier geometry, diagnostic definition, or audit superseded by manuscript-specific products"
cosmos,code/glimpse_interface/make_glimpse_catalog_onecase.py,3267,6d492264cd9554bca81cc73b0114e3b92bb154ddec59ee7bc3dae81dc8653cbf,archive_only,,"Legacy utility, preliminary runner or audit not required by retained manuscript scripts"
cosmos,code/glimpse_interface/prepare_glimpse_validation.py,7959,d985024e62c8f0e6efe3d00bc715395b6887f283b459af632d7d89f124edd50a,keep,code/glimpse/prepare_glimpse_validation.py,"Final GLIMPSE observations, held-out run or sign/flip/rotation audit"
cosmos,code/glimpse_interface/run_glimpse_test_final.py,7445,4cc6d1a8bc38b4d5231c3e4eb6298cd36c89461d5b199bbb84579646324bc524,keep,code/glimpse/run_glimpse_test_final.py,"Final GLIMPSE observations, held-out run or sign/flip/rotation audit"
cosmos,code/ks_smooth_baseline.py,13028,d1f3ccdd9ef1bef09585f68a7d0733a5ac3ce446a475dadf9af1b2db3065f851,archive_only,,"Legacy utility, preliminary runner or audit not required by retained manuscript scripts"
cosmos,code/make_revised_figures_v12.py,65005,2117958af97ce14c0d506cffe57f21ee1a08bb3d27ef1592d355178246973839,keep,code/pipeline/make_revised_figures_v12.py,"Final manuscript method, validation, robustness, figures, or Appendix A"
cosmos,code/quantify_photoz_trend.py,19307,d9b46ed5df247d2d581290c1040bf3ac55bd5a2b50c32415c698d65721cf1477,keep,code/pipeline/quantify_photoz_trend.py,"Final manuscript method, validation, robustness, figures, or Appendix A"
cosmos,code/run_admm_gaussian_starlet_audit.py,52179,b162e6f899704cfed2f5c3000f19f454b99ba956e37fd2b93f32330ece18beb4,keep,code/pipeline/run_admm_gaussian_starlet_audit.py,"Final manuscript method, validation, robustness, figures, or Appendix A"
cosmos,code/run_gaussian_starlet_joint_validation.py,31515,28cd0305568df5f2d60976281db5f9aaa345b2e1f8866e061a76d4a23cca6fce,keep,code/pipeline/run_gaussian_starlet_joint_validation.py,"Final manuscript method, validation, robustness, figures, or Appendix A"
cosmos,code/run_gaussian_starlet_reduced_shear.py,40517,0636b37dbb6e9b0efee07a0e520c059175ef697585fea1d349af11569af7c500,keep,code/pipeline/run_gaussian_starlet_reduced_shear.py,"Final manuscript method, validation, robustness, figures, or Appendix A"
cosmos,code/run_gaussian_starlet_test.py,34036,aa165377164da3e9f9b2650df931f67c2f4695bd7911db9e85f1595f6656d059,keep,code/pipeline/run_gaussian_starlet_test.py,"Final manuscript method, validation, robustness, figures, or Appendix A"
cosmos,code/run_gaussian_starlet_validation.py,19364,d672dbb76a0dd8fa06770c53e29bd166a79704f2a85864fb152af69c63ad7d78,keep,code/pipeline/run_gaussian_starlet_validation.py,"Final manuscript method, validation, robustness, figures, or Appendix A"
cosmos,code/run_multiscale_fusion_validation.py,51918,ed5778a0ef58f5f4ba03be0d7634dc9339a624ff38926ccdda04cf52ccb02cc6,keep,code/pipeline/run_multiscale_fusion_validation.py,"Final manuscript method, validation, robustness, figures, or Appendix A"
cosmos,code/run_square_starlet_comparison.py,20593,cd2604444eef91d1d665cb9f27f206a122882f8a18cf5a13a635791eef283cc2,keep,code/pipeline/run_square_starlet_comparison.py,"Final manuscript method, validation, robustness, figures, or Appendix A"
cosmos,code/run_weighted_band_fusion_test.py,47433,0a14046cc48bc50b05cf7540e59dfb899799a04576d5aaf46e56091fa6dd4156,keep,code/pipeline/run_weighted_band_fusion_test.py,"Final manuscript method, validation, robustness, figures, or Appendix A"
cosmos,code/run_weighted_band_fusion_validation.py,47615,66eb482f3c544516284399675737cf5cd1b91bdb33289c6efebfa70f325b6ebb,keep,code/pipeline/run_weighted_band_fusion_validation.py,"Final manuscript method, validation, robustness, figures, or Appendix A"
cosmos,code/run_wiener_gaussian_only.py,14123,8d008be60c542f57ac156d3678bc7245b1e1d5ba7442b5d74ae31c54f373d6ef,keep,code/pipeline/run_wiener_gaussian_only.py,"Final manuscript method, validation, robustness, figures, or Appendix A"
cosmos,code/wavelet_gpu.py,31118,61780b7d6adff7a02b59749a401e04049777e524da2e3eb8b1ed78f11eb7046a,archive_only,,"Legacy utility, preliminary runner or audit not required by retained manuscript scripts"
cosmos,code/weak_lensing_pipeline.py,50626,dd69b9717e78290c032e581c4e7f24af2ef5033d5f2ec034d317705b72969f73,keep,code/pipeline/weak_lensing_pipeline.py,"Final manuscript method, validation, robustness, figures, or Appendix A"
cosmos,config/fair_frozen_hyperparameters.json,1568,003e00339168869f71e2b248ac5bca4ba951e99da49f9cb970b19f8dbc06ddc0,keep,config/pipeline/fair_frozen_hyperparameters.json,"Frozen split, KS/Starlet settings and noise-calibration coefficients"
cosmos,config/fair_starlet_noise_weights.csv,125,dd1f42ab57e9fa3ab7621035cad56d38be2c353f999fd335ecac79a6fe04eac1,keep,config/pipeline/fair_starlet_noise_weights.csv,"Frozen split, KS/Starlet settings and noise-calibration coefficients"
cosmos,config/fair_TEST_fixedTruth_peak_config.json,1332,6c84d514ec3869f8310aab766aed5bd4645c2c87b61bc43fc46db81c474ca707,archive_only,,"Earlier geometry, diagnostic definition, or audit superseded by manuscript-specific products"
cosmos,config/fair_TEST_peak_config.json,884,b1c584ca2ce4eff4ac580b3c46b470240c26e543335058152c945ce6cbfa2b82,archive_only,,"Earlier geometry, diagnostic definition, or audit superseded by manuscript-specific products"
cosmos,config/fair_TEST_PR_summary_config.json,851,261b74af95e0b33229cba30de8f50d28743f104d699ca0b4913950ace0137f4a,archive_only,,"Earlier geometry, diagnostic definition, or audit superseded by manuscript-specific products"
cosmos,config/fair_TEST_spectral_config.json,806,966fd5f29c67ca6da9fe82318b9c0a3906dd674e9dce4a50641600a36c1b89af,archive_only,,"Earlier geometry, diagnostic definition, or audit superseded by manuscript-specific products"
cosmos,python_environment.txt,11780,655aa32f6a17e95d3237765ed7dc001081e36b7deacad5fed856db83f7d9443d,keep,provenance/python_environment_original.txt,"Recorded experimental environment, including exact local torch wheel reference"
cosmos,README_99_COSMOS.txt,1561,443f2d880436657df8d868cf964226868913df75fab2e72ae7122ce160708ec1,archive_only,,Superseded/support artifact outside the selected manuscript workflow; original archive retained locally
cosmos,results/audits/reduced_shear_audit_report.txt,5640,0a8145537b96cdecdec72152ac0cf2d5e8963a26486e54dc06c8c013eded66a1,archive_only,,Superseded/support artifact outside the selected manuscript workflow; original archive retained locally
cosmos,results/test/fair_TEST_60maps_bootstrap.csv,702,d447cd31b17f57c58114984587d038688ede56d82c100ef6ac5aecf0c2410f58,archive_only,,"Earlier geometry, diagnostic definition, or audit superseded by manuscript-specific products"
cosmos,results/test/fair_TEST_60maps_by_cosmology.csv,682,f0df97719142e2b5e88d89f4378fd867af13fa4b60cddbb11748a7ae6785b65f,archive_only,,"Earlier geometry, diagnostic definition, or audit superseded by manuscript-specific products"
cosmos,results/test/fair_TEST_60maps_report.json,2985,4362a781568849447b2c96df3fdaebf2bc228ba46319911c955f7a07dc775d9c,archive_only,,"Earlier geometry, diagnostic definition, or audit superseded by manuscript-specific products"
cosmos,results/test/fair_TEST_60maps_summary.csv,602,cdf4ea344e872d988d73c7572503390fdb5457bae84bb9a7a431722c86ad66e3,archive_only,,"Earlier geometry, diagnostic definition, or audit superseded by manuscript-specific products"
cosmos,results/test/fair_TEST_fixedTruth_detection_bootstrap.csv,72697,af7a57a7c8c8138f721fedab4f33363481d6db33d19935ccc3e391134fb0ef63,archive_only,,"Earlier geometry, diagnostic definition, or audit superseded by manuscript-specific products"
cosmos,results/test/fair_TEST_fixedTruth_detection_summary.csv,32717,2cacc3b7fe2d6c5af979487152bc3cbbc4aea68e218fec68ad0cd24297c6e341,archive_only,,"Earlier geometry, diagnostic definition, or audit superseded by manuscript-specific products"
cosmos,results/test/fair_TEST_fixedTruth_peak_config.json,1332,6c84d514ec3869f8310aab766aed5bd4645c2c87b61bc43fc46db81c474ca707,archive_only,,"Earlier geometry, diagnostic definition, or audit superseded by manuscript-specific products"
cosmos,results/test/fair_TEST_peakHeight_by_trueHeight.csv,5432,96431faf1711432b9276b2fedf456fa9b11966d1b4a48be06da398f35cbd5c76,archive_only,,"Earlier geometry, diagnostic definition, or audit superseded by manuscript-specific products"
cosmos,results/test/fair_TEST_peakHeight_summary.csv,5603,93245e8312f46811cbde07822a4a4b090de34872b139f1e69b1d978a2ac00292,archive_only,,"Earlier geometry, diagnostic definition, or audit superseded by manuscript-specific products"
cosmos,results/test/fair_TEST_photoz_block.csv,4059,6b8f2cb11df2356f13e9bf371c9773f82a14d2c1fdd95d6cf444fef9f93a53c4,archive_only,,"Earlier geometry, diagnostic definition, or audit superseded by manuscript-specific products"
cosmos,results/test/fair_TEST_photoz_bootstrap.csv,1192,f0a2774a5bda5b5d5c47c1f2760478c27a1046af5ee1b3708829cd84f8b34ee3,archive_only,,"Earlier geometry, diagnostic definition, or audit superseded by manuscript-specific products"
cosmos,results/test/fair_TEST_photoz_multivariate.csv,900,ba03dd33e7a308cbc2fad6c59d05f772e36a97732237ef865a911a3ddcb1b3c7,archive_only,,"Earlier geometry, diagnostic definition, or audit superseded by manuscript-specific products"
cosmos,results/test/fair_TEST_photoz_quartiles.csv,953,e7d2494c50e96eb61fe8bb5b16830594b1839589301b62e5278506659df0c59d,archive_only,,"Earlier geometry, diagnostic definition, or audit superseded by manuscript-specific products"
cosmos,results/test/fair_TEST_photoz_regression.csv,1028,0974bb98d6c023c647ea83e63c08679cbde5bc3286fa793ab9f5176346761050,archive_only,,"Earlier geometry, diagnostic definition, or audit superseded by manuscript-specific products"
cosmos,results/test/fair_TEST_photoz_report.json,9881,8af09a305392c44605b83edc9032e36012376ddb52a11692149f4dd7b7694400,archive_only,,"Earlier geometry, diagnostic definition, or audit superseded by manuscript-specific products"
cosmos,results/test/fair_TEST_pseudoCl_bootstrap.csv,11266,87033475c4b820cd0923083faa3bbb7b50123c84ecd0be4d6fcc6a4b83ef0921,archive_only,,"Earlier geometry, diagnostic definition, or audit superseded by manuscript-specific products"
cosmos,results/test/fair_TEST_pseudoCl_by_cosmology.csv,17092,00314b726d438dcf9a70cb5faaf5f42037d97cc22d25a5d5a6a188588bb1baf0,archive_only,,"Earlier geometry, diagnostic definition, or audit superseded by manuscript-specific products"
cosmos,results/test/fair_TEST_pseudoCl_summary.csv,7082,15f5fe4fcde6d8739abcdc4704f7883f594ca1cbd92f4f47feeead63fa71cbb5,archive_only,,"Earlier geometry, diagnostic definition, or audit superseded by manuscript-specific products"
cosmos,results/test/fair_TEST_reducedShear_bootstrap.csv,546,bbddc0f462a9676070e8913f8f42d1f82bbe0cd9c416ecfb3d23cfd5a5dd6220,archive_only,,"Earlier geometry, diagnostic definition, or audit superseded by manuscript-specific products"
cosmos,results/test/fair_TEST_reducedShear_by_cosmology.csv,777,7e630272395adaf99c311d96f1fc0cd23aeaa5217f5ea045059a359e67a8b955,archive_only,,"Earlier geometry, diagnostic definition, or audit superseded by manuscript-specific products"
cosmos,results/test/fair_TEST_reducedShear_report.json,2967,1e4424f11a68511e530241dacd1b603444c9cc5c930a2533202bdaef38319bca,archive_only,,"Earlier geometry, diagnostic definition, or audit superseded by manuscript-specific products"
cosmos,results/test/fair_TEST_reducedShear_summary.csv,421,17814ed9f2fdf8a5718e93ce907ae8d45457b99767bb8db4ef9adc08becef3f6,archive_only,,"Earlier geometry, diagnostic definition, or audit superseded by manuscript-specific products"
cosmos,results/test/fair_TEST_spectral_config.json,806,966fd5f29c67ca6da9fe82318b9c0a3906dd674e9dce4a50641600a36c1b89af,archive_only,,"Earlier geometry, diagnostic definition, or audit superseded by manuscript-specific products"
cosmos,results/validation/fair_starlet_mask_ablation_paired.csv,1786,70883024118e1a55b02a127ce904d6061a7db766dc9cf19d95a76428c94c1d2e,archive_only,,Superseded/support artifact outside the selected manuscript workflow; original archive retained locally
cosmos,results/validation/fair_starlet_mask_ablation_summary.csv,383,8b05a2aa3be7dba690dae09ec1bd5fcf7500de89a0aea426f434b3ad50c2937a,archive_only,,Superseded/support artifact outside the selected manuscript workflow; original archive retained locally
cosmos,results/validation/fair_validation_ADMM_vs_PD_report.json,1525,fbda582cd176a41f34d2f38df28c18d8595f535d3ceebb6ea28a4bfb90f7c271,archive_only,,Superseded/support artifact outside the selected manuscript workflow; original archive retained locally
cosmos,results/validation/fair_validation_best_vs_best_paired.csv,10109,df60d218b8029430aeffec5b4fa13e3fc270fe0f4ccb09320540988973edce71,archive_only,,Superseded/support artifact outside the selected manuscript workflow; original archive retained locally
cosmos,results/validation/fair_validation_best_vs_best_summary.csv,312,b51c0fe169c8a57c538297ad791c85898c5b680f0a1e1b1d6f3fa27388a12c57,archive_only,,Superseded/support artifact outside the selected manuscript workflow; original archive retained locally
cosmos,results/validation/fair_validation_high_accuracy_solver_audit.csv,1321,eb626f0df0bc05415b177aae4acb9685c299c3ba13bb1275a7e47bf9ac56a767,archive_only,,Superseded/support artifact outside the selected manuscript workflow; original archive retained locally
cosmos,results/validation/fair_validation_KS_summary.csv,572,87049dc926e16b663dc67d1990ab76e7b1eeb9bb2040215520d1f33fe1dd30ad,keep,results/validation/initial_selection/fair_validation_KS_summary.csv,Earlier full-field selection evidence; explicitly not the final 240-patch validation benchmark
cosmos,results/validation/fair_validation_solver_convergence_audit.csv,2887,dfd3374eb64d0cfecb5a12cd6c797a68cac192e3b10b6dc637b35162ca4ae8b6,archive_only,,Superseded/support artifact outside the selected manuscript workflow; original archive retained locally
cosmos,results/validation/fair_validation_solver_convergence_audit.json,612,9edc9e7d201d666cb96f03654529a272eece29be212debed171fca55f83d9c01,archive_only,,Superseded/support artifact outside the selected manuscript workflow; original archive retained locally
cosmos,results/validation/fair_validation_solver_convergence_audit_summary.csv,815,5177bab3094369b82994007849749b6788c9ad4e0b8599bf307d5961ec7704e1,archive_only,,Superseded/support artifact outside the selected manuscript workflow; original archive retained locally
cosmos,results/validation/fair_validation_starlet_MASK_summary.csv,903,086060f8faee123a5f38f35602d2d51c082d97b5f2e2effd2e85136dd8d06344,keep,results/validation/initial_selection/fair_validation_starlet_MASK_summary.csv,Earlier full-field selection evidence; explicitly not the final 240-patch validation benchmark
cosmos,results/validation/fair_validation_starlet_NOMASK_summary.csv,905,a92ab29c8ee6e9842c864f57296216c027923b68201edaf2830a798272714163,keep,results/validation/initial_selection/fair_validation_starlet_NOMASK_summary.csv,Earlier full-field selection evidence; explicitly not the final 240-patch validation benchmark
cosmos,SHA256SUMS.txt,8325,51760933a89c8b94c978c22f03e858ca28a2176aea8f47af28195a3a397bc700,archive_only,,Superseded/support artifact outside the selected manuscript workflow; original archive retained locally
glimpse,config/config_fair_base.ini,350,bb1076e61f01fc4901cfe813a50d390797c83e18af45a9ac4c3121a1adfef415,archive_only,,"Preliminary sweep setting outside final lambda={2.5,3.0,3.5}"
glimpse,config/config_fair_default.ini,352,f2cf4a51d22fb777eb002bee59e78ec5c27b6b554a902cbae92a677118e7d112,archive_only,,"Preliminary sweep setting outside final lambda={2.5,3.0,3.5}"
glimpse,config/config_lambda_0p25.ini,353,bdad7513ac09241165d9d8809d4885e3143384a7d1b8fb29ef5cef4e91ee38f8,archive_only,,"Preliminary sweep setting outside final lambda={2.5,3.0,3.5}"
glimpse,config/config_lambda_0p5.ini,352,c98f8bb7bdbd7f52d419a0c7ed0fc736874dfea6356a4da5b6597743afdba898,archive_only,,"Preliminary sweep setting outside final lambda={2.5,3.0,3.5}"
glimpse,config/config_lambda_1p0.ini,352,5c7f80ad6a62dc0a580f0c86b34bf4105013493e09a033bc600a429d8b7d9214,archive_only,,"Preliminary sweep setting outside final lambda={2.5,3.0,3.5}"
glimpse,config/config_lambda_2p0.ini,352,461c174cb58fd1b63e9f6bad503bbf4205bdfe1b26a5c209d9585a99922547dc,archive_only,,"Preliminary sweep setting outside final lambda={2.5,3.0,3.5}"
glimpse,config/config_lambda_2p5.ini,352,1f484262f92e443ccea3aa75710bd9fc8215768b804dffe47d531ea9f642204d,keep,config/glimpse/config_lambda_2p5.ini,Three-point lambda sweep explicitly reported in manuscript
glimpse,config/config_lambda_3p0.ini,352,38b5ae16c92a98af6203beb67d2e47c838dc80d705139aabfa00c903b72ff6a2,keep,config/glimpse/config_lambda_3p0.ini,Three-point lambda sweep explicitly reported in manuscript
glimpse,config/config_lambda_3p5.ini,352,3ab7a6b2f695c2dc094a4a35679b8e713034fd752594d4c73bb96bdb4fa907e3,keep,config/glimpse/config_lambda_3p5.ini,Three-point lambda sweep explicitly reported in manuscript
glimpse,config/config_lambda_4p0.ini,352,f2cf4a51d22fb777eb002bee59e78ec5c27b6b554a902cbae92a677118e7d112,archive_only,,"Preliminary sweep setting outside final lambda={2.5,3.0,3.5}"
glimpse,config/config_lambda_4p5.ini,352,478dc3277a175d792cfb795795948bd13ebea7e7257786ee04e636d244c9e28c,archive_only,,"Preliminary sweep setting outside final lambda={2.5,3.0,3.5}"
glimpse,config/config_lambda_5p0.ini,352,59887a5ed3326abcf3e98d33e97ab7ebffbefe54635bf35eddefd2cee3311ee4,archive_only,,"Preliminary sweep setting outside final lambda={2.5,3.0,3.5}"
glimpse,provenance/cmake_dependencies.txt,8900,1a34715380524d5b1fd094268cfbe866790be2c4d1c238c0b9032a9734bdcf10,keep,provenance/glimpse/cmake_dependencies.txt,Original build and tracked-change provenance
glimpse,provenance/git_diff_stat.txt,125,55a9e3e9476f40acf572366438b2fada04b6e23810ba4e11fb984fc652b925c7,archive_only,,Superseded/support artifact outside the selected manuscript workflow; original archive retained locally
glimpse,provenance/git_state.txt,1723,446254a94ff4801f58875a2c9d968dafa7bd145b9f1efa5a63f899c3fca40c8e,keep,provenance/glimpse/git_state.txt,Original build and tracked-change provenance
glimpse,provenance/local_source_changes.patch,2488,db576368754e2af2f4d38fac3a9efa8dbbb5dfb30e09f6c82746a905f8f7d4a0,keep,provenance/glimpse/local_source_changes.patch,Original build and tracked-change provenance
glimpse,provenance/software_environment.txt,11895,d56d9f1ed40ab723caf52a85351dcac0c427ae9962cba4bba9c7eb5042dd9377,archive_only,,Superseded/support artifact outside the selected manuscript workflow; original archive retained locally
glimpse,README_GLIMPSE.txt,1238,28f46154c4a4cb2561dc4e7ae4261399f901542b21097b73a66594e07f6b670f,archive_only,,Superseded/support artifact outside the selected manuscript workflow; original archive retained locally
glimpse,results/test/glimpse_audit_v2/glimpse_candidate_products.csv,717,3c3afd7061b17d9a9f63a97a53b61b57f11e9a06e285670286aaa580e701185c,archive_only,,"Earlier geometry, diagnostic definition, or audit superseded by manuscript-specific products"
glimpse,results/test/glimpse_audit_v2/glimpse_case_metrics.csv,39869,2bba4eca0d56cb8d7060c44427030f943398d6eeaad1ab1d1e77193bc46637ca,archive_only,,"Earlier geometry, diagnostic definition, or audit superseded by manuscript-specific products"
glimpse,results/test/glimpse_audit_v2/glimpse_shear_noise_audit.csv,102964,b5f04cd53bf711efbbe146b6fce45b8933d4501b46591086a2e856218de6cb91,archive_only,,"Earlier geometry, diagnostic definition, or audit superseded by manuscript-specific products"
glimpse,results/test/glimpse_audit_v2/glimpse_transform_audit.csv,700,9b20bc0fe87fee24610795f98ff37ceb992ea43e184c38b1cee7289da30743fe,archive_only,,"Earlier geometry, diagnostic definition, or audit superseded by manuscript-specific products"
glimpse,results/test/glimpse_final_audit/glimpse_case_metrics.csv,30833,5114520a1b42153658b832ef5b258f51cab37accdff6b2ef47d1c69f3c9ba0e9,keep,results/test/glimpse_final_audit/glimpse_case_metrics.csv,Final FITS/orientation audit expressly described in Section 3.5
glimpse,results/test/glimpse_final_audit/glimpse_hdu_audit.csv,219,445ab4513eea8892cb1c8c2e3dac737678c86d23bc68859adc306f20a8d6ef94,keep,results/test/glimpse_final_audit/glimpse_hdu_audit.csv,Final FITS/orientation audit expressly described in Section 3.5
glimpse,results/test/glimpse_final_audit/glimpse_transform_audit.csv,702,622a511660ceb8dce774aca005a45509a826744704cf03ca320f70be45c2c36d,keep,results/test/glimpse_final_audit/glimpse_transform_audit.csv,Final FITS/orientation audit expressly described in Section 3.5
glimpse,results/validation/admm_solver_audit/admm_vs_pdhg_summary.csv,1061,e85ac5fa73bbe55ff6b0b6cad46ec06dc069e63cf2143a7b0339337e8af7b925,keep,results/validation/admm_solver_audit/admm_vs_pdhg_summary.csv,"Validation selection, complementary-observable evidence, or Appendix A summary"
glimpse,results/validation/mcalens/fair_validation_pk_config.json,1123,31d4aef311c6946b678dbe9124e6570cc9c46b28bb50d890332ea303c533cb49,duplicate,config/priors/fair_validation_pk_config.json,Byte-identical to retained source; one public copy is sufficient
glimpse,results/validation/mcalens/mcalens_validation_by_cosmology.csv,394,7089af396c104cb09b4b0d1941ded218963421e77d578da26c7a0056769a4dbe,keep,results/validation/mcalens/mcalens_validation_by_cosmology.csv,"Validation selection, complementary-observable evidence, or Appendix A summary"
glimpse,results/validation/mcalens/mcalens_validation_summary.csv,286,556932c28d89449d2c47440a1212f15b2b193e7f5adb099b4dde5900ad4973b1,keep,results/validation/mcalens/mcalens_validation_summary.csv,"Validation selection, complementary-observable evidence, or Appendix A summary"
glimpse,results/validation/multiscale_fusion/field_bootstrap.csv,1257,068d8198c3b8b7a4e6dd52ef1c00d7b015e76ca382a752b316d2473246d86cc2,keep,results/validation/multiscale_fusion/field_bootstrap.csv,"Validation selection, complementary-observable evidence, or Appendix A summary"
glimpse,results/validation/multiscale_fusion/field_metrics_by_cosmology.csv,1269,f3b9a936584eb152c2e84581c7040fed75215fdbe0f2390d99b3ec52aa0ad22f,keep,results/validation/multiscale_fusion/field_metrics_by_cosmology.csv,"Validation selection, complementary-observable evidence, or Appendix A summary"
glimpse,results/validation/multiscale_fusion/field_metrics_summary.csv,700,d3610a4e115d1da06397f35baddb32aca0ee8a290038b05dfbd6bc0f2776e256,keep,results/validation/multiscale_fusion/field_metrics_summary.csv,"Validation selection, complementary-observable evidence, or Appendix A summary"
glimpse,results/validation/multiscale_fusion/peak_height_summary.csv,3151,7e39818b5884782bf8f8061d52f912994cf7b94520b7351995306f3fa00f8d69,keep,results/validation/multiscale_fusion/peak_height_summary.csv,"Validation selection, complementary-observable evidence, or Appendix A summary"
glimpse,results/validation/multiscale_fusion/peak_PR_summary.csv,50134,1201411bac203d8e635e5cfa645d0e2709d97f059720de628558f2f04edad4aa,keep,results/validation/multiscale_fusion/peak_PR_summary.csv,"Validation selection, complementary-observable evidence, or Appendix A summary"
glimpse,results/validation/multiscale_fusion/spectral_score_summary.csv,435,e8393e25e4a18057c5d0c71bc6fd2eb89a8e999982a7c9e81e8e6b164919d0bc,keep,results/validation/multiscale_fusion/spectral_score_summary.csv,"Validation selection, complementary-observable evidence, or Appendix A summary"
glimpse,results/validation/multiscale_fusion/spectral_summary.csv,5574,0538b8255936e930aecbed24f3df45767fbde9410b9eda9cc07c0a99e0e44255,keep,results/validation/multiscale_fusion/spectral_summary.csv,"Validation selection, complementary-observable evidence, or Appendix A summary"
glimpse,results/validation/quantile_reweighted_gaussian_starlet/quantile_reweighted_by_cosmology.csv,1283,7b79a1013133d86c6dec991dc82fd347d20cf1eba1ca4d81f687104619c5b90a,archive_only,,Exploratory reweighting or single-case pilot outside final manuscript; stage-1 producer retained separately
glimpse,results/validation/quantile_reweighted_gaussian_starlet/quantile_reweighted_summary.csv,1461,12f05eea35f1c8e45e0877106d23207c58c368d11fe465605eca9e6ddf8077e6,archive_only,,Exploratory reweighting or single-case pilot outside final manuscript; stage-1 producer retained separately
glimpse,results/validation/reweighted_gaussian_starlet/reweighted_gaussian_starlet_by_cosmology.csv,949,8fa8b031beca098955ec279c8541a5bac3661b05a11e3526557aa32a2834c0b5,archive_only,,Exploratory reweighting or single-case pilot outside final manuscript; stage-1 producer retained separately
glimpse,results/validation/reweighted_gaussian_starlet/reweighted_gaussian_starlet_summary.csv,1173,3b07d8c492d7217f032ce266078d51c198ee04eaa71222d3c15b77f68b68797c,archive_only,,Exploratory reweighting or single-case pilot outside final manuscript; stage-1 producer retained separately
glimpse,results/validation/starlet_gaussian_prior/gaussian_starlet_joint_validation_by_cosmology.csv,2079,19b6fa81f26d87a783cf124dc17e4b4d7f426090ac4330ca20c9dc1af8d38aeb,keep,results/validation/starlet_gaussian_prior/gaussian_starlet_joint_validation_by_cosmology.csv,"Validation selection, complementary-observable evidence, or Appendix A summary"
glimpse,results/validation/starlet_gaussian_prior/gaussian_starlet_joint_validation_summary.csv,1913,e6938e48706f58ca839ceb4123ee3019f09e4252c9fd1c1cdd736cfb4a1b535d,keep,results/validation/starlet_gaussian_prior/gaussian_starlet_joint_validation_summary.csv,"Validation selection, complementary-observable evidence, or Appendix A summary"
glimpse,results/validation/starlet_gaussian_prior/gaussian_starlet_validation_by_cosmology.csv,656,254f55e11406d420d1ecb94c44f9573209baaecf26998d1b8b0d14a279886180,keep,results/validation/starlet_gaussian_prior/gaussian_starlet_validation_by_cosmology.csv,"Validation selection, complementary-observable evidence, or Appendix A summary"
glimpse,results/validation/starlet_gaussian_prior/gaussian_starlet_validation_summary.csv,707,34ba3725c6f7c8d788ffc9e71e5d3aaca4bc395d1ecb702ff16dd323568cbac2,keep,results/validation/starlet_gaussian_prior/gaussian_starlet_validation_summary.csv,"Validation selection, complementary-observable evidence, or Appendix A summary"
glimpse,results/validation/starlet_gaussian_prior/pilot_C0_R0_P0_beta_sweep.csv,1365,22493a9fb20f4c537600f18da8b744416e1ae93e6f24892435cf3dbfc957ccd1,archive_only,,Exploratory reweighting or single-case pilot outside final manuscript; stage-1 producer retained separately
glimpse,results/validation/weighted_band_fusion/field_bootstrap.csv,2890,3aba7c3701dc3ae9a23896e8c411339fbbea4562a2d7e323b7b99d13ae453ddb,keep,results/validation/weighted_band_fusion/field_bootstrap.csv,"Validation selection, complementary-observable evidence, or Appendix A summary"
glimpse,results/validation/weighted_band_fusion/field_by_cosmology.csv,2587,5ccaa45b65933b81972d757bc0bddd49ecd01e2b50d36f41c4746ca248fa4e72,keep,results/validation/weighted_band_fusion/field_by_cosmology.csv,"Validation selection, complementary-observable evidence, or Appendix A summary"
glimpse,results/validation/weighted_band_fusion/field_metrics_summary.csv,1327,58b54524afa4d7eab2848808abb04a24127685532331ee1ac8065eada4d8a513,keep,results/validation/weighted_band_fusion/field_metrics_summary.csv,"Validation selection, complementary-observable evidence, or Appendix A summary"
glimpse,results/validation/weighted_band_fusion/peak_height_summary.csv,6618,c3c03c1da898eacc727e963eb0838599a1c2bb4dd833565264a6b90c4fe151c5,keep,results/validation/weighted_band_fusion/peak_height_summary.csv,"Validation selection, complementary-observable evidence, or Appendix A summary"
glimpse,results/validation/weighted_band_fusion/peak_PR_summary.csv,103591,7b62efb608b30654d48a291cbde34e04307400a49571e9bf05e89eede2cb47ab,keep,results/validation/weighted_band_fusion/peak_PR_summary.csv,"Validation selection, complementary-observable evidence, or Appendix A summary"
glimpse,results/validation/weighted_band_fusion/spectral_summary.csv,11281,3ed12d0453d3d5cb25ec7ed5c5c58f9a5e7a0bdafe7967af0fd9f8ae149c8e09,keep,results/validation/weighted_band_fusion/spectral_summary.csv,"Validation selection, complementary-observable evidence, or Appendix A summary"
glimpse,scripts/bootstrap_glimpse_comparison.py,9372,794c1d0525124ceff0866dfd5ec2014c07aa35b4fa8ecef1066263558939eca0,keep,code/glimpse/bootstrap_glimpse_comparison.py,Final GLIMPSE selection and shared square-benchmark tables
glimpse,scripts/evaluate_glimpse_sweep.py,1754,b297207cb8e7e30f9b406cfdd46dcd3dbc09cd3c47ae6fc7a54e8eb1febb1822,archive_only,,Superseded/support artifact outside the selected manuscript workflow; original archive retained locally
glimpse,scripts/run_glimpse_fine_sweep.py,808,4354a1ed810b3694d854eaafa5cba5ba1bfdf55c09ff2b4c86c322cdeb10b047,archive_only,,Superseded/support artifact outside the selected manuscript workflow; original archive retained locally
glimpse,scripts/run_glimpse_validation.py,12374,6239231cc9283c78d4936f3223d06a076f09f26a65afc1e766bb64e3ef1ed080,keep,code/glimpse/run_glimpse_validation.py,Final GLIMPSE selection and shared square-benchmark tables
glimpse,SHA256SUMS.txt,13322,511d08692b7eb50b84efcd8a67021b803a0ca73e23f8a62b5cf7bb7dfc0f60b1,archive_only,,Superseded/support artifact outside the selected manuscript workflow; original archive retained locally
glimpse,source/cmake/Modules/FindCCFits.cmake,2471,deadd7a02b953c8e8c146876f932e82a224246c0d7e19c770aaeae8751a58465,keep,external/glimpse/cmake/Modules/FindCCFits.cmake,Pinned GLIMPSE build snapshot with its CeCILL license
glimpse,source/cmake/Modules/FindFFTW.cmake,2734,052e5e96583c450d4ae6aa845d3c24e4dc4f15a0b9ef134d42965aff56718d84,keep,external/glimpse/cmake/Modules/FindFFTW.cmake,Pinned GLIMPSE build snapshot with its CeCILL license
glimpse,source/cmake/Modules/FindNFFT.cmake,785,36123e723cd83990c8fbdda87e3bef2fd5e4be6f66001b56050ad4ba1ff39eec,keep,external/glimpse/cmake/Modules/FindNFFT.cmake,Pinned GLIMPSE build snapshot with its CeCILL license
glimpse,source/CMakeLists.txt,3389,1d829316b3e31f3b8074448930f482a67e84097d1ce3ca24fb4d03e138e214f3,keep,external/glimpse/CMakeLists.txt,Pinned GLIMPSE build snapshot with its CeCILL license
glimpse,source/example/config.ini,677,bd85fac61a20843e7f2c67852a6187fba5ddc4aef05e10f49a245fa1fb3b9644,archive_only,,Unused legacy conversion/example or Nicaea patch not invoked by recorded CMake
glimpse,source/LICENSE,21781,02200f8907be78d016bb92d7be81d0eb6475413a8ddf943d7ead7ef7400dbc0c,keep,external/glimpse/LICENSE,Pinned GLIMPSE build snapshot with its CeCILL license
glimpse,source/nicaea.patch,15569,7a78ece2fb9a3ef49426637bb767064ac8e14ffb67910004ca7562f966c434b0,archive_only,,Unused legacy conversion/example or Nicaea patch not invoked by recorded CMake
glimpse,source/README.md,2076,f1433d322a0aeee7d513d4a4d2af13c7f1d390e1dbc8b5f981073b3bbfb6de34,keep,external/glimpse/README.md,Pinned GLIMPSE build snapshot with its CeCILL license
glimpse,source/src/field.cpp,30857,ef4da4ccebcecd5fdf662543c9e9efa6e6f48ac2db3abbd1be9d6fb014a22c0f,keep,external/glimpse/src/field.cpp,Pinned GLIMPSE build snapshot with its CeCILL license
glimpse,source/src/field.h,6502,bcf0f784587d6b617965ca822b33fcbd93dc775c0c93e5f602e41fe76be806f0,keep,external/glimpse/src/field.h,Pinned GLIMPSE build snapshot with its CeCILL license
glimpse,source/src/glimpse.cpp,3870,06275a95e5fa77fdf066cc7c555124f555e413717e912f777855895093dc061e,keep,external/glimpse/src/glimpse.cpp,Pinned GLIMPSE build snapshot with its CeCILL license
glimpse,source/src/redshift_distribution.cpp,2558,7cd615ee2631d964ae59b4de8b9c54fd8013864bed83631365956a7017a5a4d6,keep,external/glimpse/src/redshift_distribution.cpp,Pinned GLIMPSE build snapshot with its CeCILL license
glimpse,source/src/redshift_distribution.h,4363,20df61360a0c764b79d46b28d1641b872206029a712241c6b24ce45cb78346f5,keep,external/glimpse/src/redshift_distribution.h,Pinned GLIMPSE build snapshot with its CeCILL license
glimpse,source/src/starlet_2d.cpp,13924,310de0b4c6f640df8ffd60584fdbae8486f249c9d0741f11756db83536ab1827,keep,external/glimpse/src/starlet_2d.cpp,Pinned GLIMPSE build snapshot with its CeCILL license
glimpse,source/src/starlet_2d.h,2606,1248cde072da84eae1d77147acc791ca32d46ca465e578678937bf5df3a95191,keep,external/glimpse/src/starlet_2d.h,Pinned GLIMPSE build snapshot with its CeCILL license
glimpse,source/src/surface_reconstruction.cpp,13806,a4464db057e36177c7a4d52d46660b455a36c28820d7ca2bd3e7e3423d212e42,keep,external/glimpse/src/surface_reconstruction.cpp,Pinned GLIMPSE build snapshot with its CeCILL license
glimpse,source/src/surface_reconstruction.h,4695,ac33db207cae4db078e24a53016e362e6bbbf7c50c1f6ced00e14d4111b52377,keep,external/glimpse/src/surface_reconstruction.h,Pinned GLIMPSE build snapshot with its CeCILL license
glimpse,source/src/survey.cpp,8976,4f79ecd50574ee1f254a9e9ff79c83b987bb5d67c49447b0d81c31d158937198,keep,external/glimpse/src/survey.cpp,Pinned GLIMPSE build snapshot with its CeCILL license
glimpse,source/src/survey.h,7044,2a25503669d67a5ec21744d793db3c77704bb089d25f05f07c3014966078bcd8,keep,external/glimpse/src/survey.h,Pinned GLIMPSE build snapshot with its CeCILL license
glimpse,source/src/wavelet_transform.cpp,5634,d447011d72c7bc97b52db0a84d552d78a39ded0793a33d03ce5855d197a3a772,keep,external/glimpse/src/wavelet_transform.cpp,Pinned GLIMPSE build snapshot with its CeCILL license
glimpse,source/src/wavelet_transform.h,2532,c7d99f8f0284acde910251d1f5bd62027f13df79807d2270e04936092c097769,keep,external/glimpse/src/wavelet_transform.h,Pinned GLIMPSE build snapshot with its CeCILL license
glimpse,source/utils/convert_data_file.py,1305,3265c177135b587b2dc98d7983c074b3a0cee8d14ff2812c1d09b10382049c45,archive_only,,Unused legacy conversion/example or Nicaea patch not invoked by recorded CMake
glimpse,test/peak_bootstrap_v5/peak_prauc_block_bootstrap.csv,1369,f67584b2746b8b1cd3ec3eb9c3ee911cb2d7db866d2190c811df8fe74254c637,keep,results/test/peak_bootstrap_v5/peak_prauc_block_bootstrap.csv,"Final field, bootstrap, peak or photo-z results used in manuscript"
glimpse,test/photoz_audit/photoz_block_metrics.csv,16911,c8282175a9b2dd5d19476bdda19d22c94377a7ec687f55f6c21ccc099ce11b80,keep,results/test/photoz_audit/photoz_block_metrics.csv,"Final field, bootstrap, peak or photo-z results used in manuscript"
glimpse,test/photoz_audit/photoz_regression_summary.csv,916,cec8e999ac116d105441e59814be301cc75628a850aa495fbabf060e130dd53e,keep,results/test/photoz_audit/photoz_regression_summary.csv,"Final field, bootstrap, peak or photo-z results used in manuscript"
glimpse,test/revised_paper_figures_v12/field_metrics_frozen.csv,334,3cb1901a6fc752dda7926039c3c90eee01803cb5ae2ea7ec25aee4317e6570c1,keep,results/paper/field_metrics_frozen.csv,V12 final figure data: canonical source for manuscript peaks and spectra
glimpse,test/revised_paper_figures_v12/peak_amplitude.csv,342,da5f4501b22484be43a3ab9d6616f4fb4820b9c47ff915aafea3f42547729b1b,keep,results/paper/peak_amplitude.csv,V12 final figure data: canonical source for manuscript peaks and spectra
glimpse,test/revised_paper_figures_v12/peak_completeness_purity.csv,136116,f769c80a011c2c6a380f7934c5189ee3d7275838952f91ea78466530b20bf092,keep,results/paper/peak_completeness_purity.csv,V12 final figure data: canonical source for manuscript peaks and spectra
glimpse,test/revised_paper_figures_v12/spectral_curves.csv,112855,42758b466bdef8bca4dffa2052f4507a44ccdb243bbef88ad5bbc4a5f8dfbaaa,keep,results/paper/spectral_curves.csv,V12 final figure data: canonical source for manuscript peaks and spectra
glimpse,test/science_diagnostics_square/peak_height_summary.csv,3699,a8f062431944e06d966838b8bee9e1d242b00f1e6bdae19bfedf264e06219a3b,archive_only,,"Earlier geometry, diagnostic definition, or audit superseded by manuscript-specific products"
glimpse,test/science_diagnostics_square/peak_PR_common_range_AUC.csv,2802,87bf4d50e0c42b2dacaf4acca89b0bca538f74260d87efc30840e0c85692a16e,archive_only,,"Earlier geometry, diagnostic definition, or audit superseded by manuscript-specific products"
glimpse,test/science_diagnostics_square/peak_PR_GS_vs_MCALENS_bootstrap.csv,1064,de968c56665d221b46cb967d172b87af77c4443ec9d2c850ecfb24b8e844e44a,archive_only,,"Earlier geometry, diagnostic definition, or audit superseded by manuscript-specific products"
glimpse,test/science_diagnostics_square/peak_PR_headline.csv,2923,de1169b71d6cecd2c69d5e311c1db717e2e5053082ed8cb09de5ae6aca662e5b,archive_only,,"Earlier geometry, diagnostic definition, or audit superseded by manuscript-specific products"
glimpse,test/science_diagnostics_square/peak_PR_summary.csv,35877,95c1f7a2b154ae04fb937847563cfc9e7420a94c14846b2d4cb7d264f1e5b7ef,archive_only,,"Earlier geometry, diagnostic definition, or audit superseded by manuscript-specific products"
glimpse,test/science_diagnostics_square/sanity_metrics.csv,291,aa54e5a78c93aaac59b53b22d6da3a8f466d1c77c285a320d2bc61974504cbd1,archive_only,,"Earlier geometry, diagnostic definition, or audit superseded by manuscript-specific products"
glimpse,test/science_diagnostics_square/spectral_GS_vs_MCALENS_bootstrap.csv,2857,2bca11c123282fbedd9263e4db91c61f9b2abc9d0f2686b88378dc686822e81a,archive_only,,"Earlier geometry, diagnostic definition, or audit superseded by manuscript-specific products"
glimpse,test/science_diagnostics_square/spectral_summary.csv,6587,251c8085eb277bfc1124810128ee3d2e95856fdb44738efce19da69f913497b2,archive_only,,"Earlier geometry, diagnostic definition, or audit superseded by manuscript-specific products"
glimpse,test/square_method_by_cosmology.csv,919,6d404b21b629e5bdfe1b4294bca36c83df7feca1faa6a75338b5b60c81b3406c,keep,results/test/square/square_method_by_cosmology.csv,"Table 1, mask ablation and field-level comparison"
glimpse,test/square_method_summary.csv,590,962b9d314d4cb6b1f423827d5e48a54ed8fcf491773bfaf956db8a2ac03add0e,keep,results/test/square/square_method_summary.csv,"Table 1, mask ablation and field-level comparison"
glimpse,test/square_ours_metrics.csv,164965,8d26a0115125dab5858b35736f6fad4c70488647a327828e652ef9fdfd29a7c9,keep,results/test/square/square_ours_metrics.csv,"Table 1, mask ablation and field-level comparison"
glimpse,test/square_pairwise_bootstrap.csv,1741,d9b087ab2737674ac0a087b6ebd326086ec006e96e75013ab12b779623e024a8,keep,results/test/square/square_pairwise_bootstrap.csv,"Table 1, mask ablation and field-level comparison"
glimpse,test/starlet_gaussian_prior/gaussian_starlet_test_by_cosmology.csv,523,73e3f3b7705f10d94201e005af07e07aa2127a9fe25d546a2166eb0f90d07c82,keep,results/test/starlet_gaussian_prior/gaussian_starlet_test_by_cosmology.csv,"Final field, bootstrap, peak or photo-z results used in manuscript"
glimpse,test/starlet_gaussian_prior/gaussian_starlet_test_metrics.csv,104437,4f33f86d85cf133b5a6f9ae1612f62772ec598f4c2687b7dc91be471ea03cff1,keep,results/test/starlet_gaussian_prior/gaussian_starlet_test_metrics.csv,"Final field, bootstrap, peak or photo-z results used in manuscript"
glimpse,test/starlet_gaussian_prior/gaussian_starlet_test_pairwise_bootstrap.csv,1568,5dc9ce5ecfa2d8d501cc6b2f679d020834daac89d1e668d32bd190dd9a3f6ef0,keep,results/test/starlet_gaussian_prior/gaussian_starlet_test_pairwise_bootstrap.csv,"Final field, bootstrap, peak or photo-z results used in manuscript"
glimpse,test/starlet_gaussian_prior/gaussian_starlet_test_summary.csv,394,e64d9463136def62b34994096a807a4c7d59d194297c0f04098289981ccbf279,keep,results/test/starlet_gaussian_prior/gaussian_starlet_test_summary.csv,"Final field, bootstrap, peak or photo-z results used in manuscript"
glimpse,test/weighted_band_fusion/field_bootstrap.csv,574,eae9b33b96dee3c12b377910c805c4166346f8fa6f238be28d67855e09cfc454,keep,results/test/fusion/field_bootstrap.csv,Frozen fusion field-level results; older peak/spectral summaries excluded
glimpse,test/weighted_band_fusion/field_metrics_all.csv,143169,5edaae8b9250141fb8022875e75f97b016a5f624b5564bbe15f35ccc36bfccbc,keep,results/test/fusion/field_metrics_all.csv,Frozen fusion field-level results; older peak/spectral summaries excluded
glimpse,test/weighted_band_fusion/field_metrics_by_cosmology.csv,731,e57613ab99b29d8ac7da3800bd921db431aee2847a20bed4680e195635b14669,keep,results/test/fusion/field_metrics_by_cosmology.csv,Frozen fusion field-level results; older peak/spectral summaries excluded
glimpse,test/weighted_band_fusion/field_metrics_summary.csv,478,794aab048f056ee033569e479e1cfd3dc3597908525f45fe70503aaf155ac974,keep,results/test/fusion/field_metrics_summary.csv,Frozen fusion field-level results; older peak/spectral summaries excluded
glimpse,test/weighted_band_fusion/peak_height_summary.csv,1825,bea60abf955a2a4158dce4e6532798e61694dc656db5d06748291b04cbb9888a,archive_only,,Superseded/support artifact outside the selected manuscript workflow; original archive retained locally
glimpse,test/weighted_band_fusion/peak_PR_AUC.csv,2220,16b3f6375dd39a9d7d076eaa446cc7f8703ac65f9369b0ff795abec2d8824639,archive_only,,Superseded/support artifact outside the selected manuscript workflow; original archive retained locally
glimpse,test/weighted_band_fusion/peak_PR_summary.csv,28154,70b8fd407439738e51d56d1130d3cd592faf02efb57573a4ea6d6910cb636949,archive_only,,Superseded/support artifact outside the selected manuscript workflow; original archive retained locally
glimpse,test/weighted_band_fusion/SCIENCE_SUMMARY.csv,873,3c495d5df65e37d222ae483baa8d0a623b24226f255c0590068c2395dbe6849b,archive_only,,Superseded/support artifact outside the selected manuscript workflow; original archive retained locally
glimpse,test/weighted_band_fusion/spectral_scores.csv,268,cf4ddaa8564e7765112d05bd13b77ed601f7d56c520d7ef94682293bc83ead2d,archive_only,,Superseded/support artifact outside the selected manuscript workflow; original archive retained locally
glimpse,test/weighted_band_fusion/spectral_summary.csv,3056,88a5569f2c7366a2734516d25516ce1ae4644a12b3c76eeaa3d34f1ac68e1e4a,archive_only,,Superseded/support artifact outside the selected manuscript workflow; original archive retained locally
glimpse,test/wiener_vs_gaussian_starlet_bootstrap/wiener_vs_gs_block_bootstrap.csv,499,90d2d699b40fd3119ab6ff000d2492e6425861d66504835ae1c30a9c05ec55cd,keep,results/test/wiener_vs_gaussian_starlet_bootstrap/wiener_vs_gs_block_bootstrap.csv,"Final field, bootstrap, peak or photo-z results used in manuscript"
glimpse,test/wiener_vs_gaussian_starlet_bootstrap/wiener_vs_gs_paired_cases.csv,57823,ae4f44c64f8de9f21401127defe6232c3ae0fd24e5cf1e4fc5912b9b6b8df17d,keep,results/test/wiener_vs_gaussian_starlet_bootstrap/wiener_vs_gs_paired_cases.csv,"Final field, bootstrap, peak or photo-z results used in manuscript"
glimpse,wiener_gaussian_only/wiener_test_cases.csv,45931,cd968ccd548c4d772e2fa406fc6ed750aea575992bbd8f8883a205d4dbd72af8,keep,results/wiener/wiener_test_cases.csv,Wiener beta selection and held-out case metrics
glimpse,wiener_gaussian_only/wiener_validation_cases.csv,114248,2e2932406bf72425f0bb0066aa7a862159d78fedbc5c082770d981cd485a027d,keep,results/wiener/wiener_validation_cases.csv,Wiener beta selection and held-out case metrics
glimpse,wiener_gaussian_only/wiener_validation_grid.csv,469,9dc41245feaec2345159da4ea94709b25376fc316453fcf831b5515747f75fa4,keep,results/wiener/wiener_validation_grid.csv,Wiener beta selection and held-out case metrics
followup,collection_report.json,94827,cfda18a6a3d33f087bf3382863b14c3e2da670951af0e95b3eea73cfe8c3c12e,archive_only,,Superseded/support artifact outside the selected manuscript workflow; original archive retained locally
followup,cosmos/add_gs_mcalens_bootstrap.py,11774,24619870fadd4436e74a3d4d589081189b5412aa3417f376bd224b69f83dbe7e,archive_only,,Superseded/support artifact outside the selected manuscript workflow; original archive retained locally
followup,cosmos/analyze_square_science_diagnostics.py,56160,719a57e6da2ecbf2f230cc51c2774c4aca7504258f901acc4121a2d529180760,archive_only,,Superseded/support artifact outside the selected manuscript workflow; original archive retained locally
followup,cosmos/audit_glimpse_v2.py,29120,57c832cc4d92a4d9a7961dfd3d30f57a21ac95923f274215435486c171b4f594,archive_only,,"Earlier geometry, diagnostic definition, or audit superseded by manuscript-specific products"
followup,cosmos/bootstrap_peak_prauc_v5.py,27537,961a5e229d966b570552e89be00711058d84c3486f38bb0f7c5964c66c96d5af,duplicate,code/pipeline/bootstrap_peak_prauc_v5_with_gs_mcalens_bootstrap.py,Byte-identical to retained source; one public copy is sufficient
followup,cosmos/bootstrap_peak_prauc_v5_with_gs_mcalens_bootstrap.py,27537,961a5e229d966b570552e89be00711058d84c3486f38bb0f7c5964c66c96d5af,duplicate,code/pipeline/bootstrap_peak_prauc_v5_with_gs_mcalens_bootstrap.py,Byte-identical to retained source; one public copy is sufficient
followup,cosmos/build_figures_v7.py,25486,223db5daa6783b7dfaf42ad0cd1aaec8325593fa3165c885d096299959fa3896,archive_only,,Superseded figure version or code-patching helper; V12 is the manuscript generator
followup,cosmos/build_v11_final_figures.py,9822,b5bb69e8e80cd8fb90a9e0063d926700c4a3bd8cb39eccd4209b0cee9e0ce6db,archive_only,,Superseded figure version or code-patching helper; V12 is the manuscript generator
followup,cosmos/build_v7_exact.py,17427,663df3a445c51ce327d4e19b9d1d108ec4b7144ffbccee7b6806c359c4e8f9a3,archive_only,,Superseded figure version or code-patching helper; V12 is the manuscript generator
followup,cosmos/build_v7_exact_from_v5.py,29663,488abc21ff3085108313ed97c2c3da96fb14d5adadda0c012f72f7a8f6c2c6f3,archive_only,,Superseded figure version or code-patching helper; V12 is the manuscript generator
followup,cosmos/build_v8_images.py,24273,d9f9839d716248c76a4956c6a4ecc201462c7d0eb3416d14202b9fd8cac6461a,archive_only,,Superseded figure version or code-patching helper; V12 is the manuscript generator
followup,cosmos/build_v9_images.py,20088,29eb600bb9d0b95d6d6c107f913fc5dc8ad2d3a1e2193c5c3162bb68dab1b8d3,archive_only,,Superseded figure version or code-patching helper; V12 is the manuscript generator
followup,cosmos/build_v9_spectral.py,9210,9aae6ea02929471d62dc2980a53d9b33b9b553cc68c245f2a5822341c75dc1e2,archive_only,,Superseded figure version or code-patching helper; V12 is the manuscript generator
followup,cosmos/generate_mcalens_validation_maps.py,22369,8b5559ba8231004756ca01514b61b045ac6b448fb061382a31fc24e04420e5a6,duplicate,code/pipeline/generate_mcalens_validation_maps.py,Byte-identical to retained source; one public copy is sufficient
followup,cosmos/make_cosmos_repo_tar.sh,13734,7eaaf8fdb88b4e8a80cca2965e74653bfd9852439fdb623ae0b18165f1ce53db,archive_only,,Superseded/support artifact outside the selected manuscript workflow; original archive retained locally
followup,cosmos/make_revised_figures.py,54829,11cce7ee70bc520a9b5247c89176e428a7264d0a4c1c6293ff47048d3de3167b,archive_only,,Superseded figure version or code-patching helper; V12 is the manuscript generator
followup,cosmos/make_revised_figures_v10.py,65900,3648980a4260ff9ee16eb6078fec929d8468895b04bb179b8eeb760618ba0e26,archive_only,,Superseded figure version or code-patching helper; V12 is the manuscript generator
followup,cosmos/make_revised_figures_v11.py,65006,99a421d0ce0d79a4fb8a8bf0c9213263ce62a1fbf58214f6b6b9b787ace068b5,archive_only,,Superseded figure version or code-patching helper; V12 is the manuscript generator
followup,cosmos/make_revised_figures_v12.py,65005,2117958af97ce14c0d506cffe57f21ee1a08bb3d27ef1592d355178246973839,duplicate,code/pipeline/make_revised_figures_v12.py,Byte-identical to retained source; one public copy is sufficient
followup,cosmos/make_revised_figures_v2.py,61572,7e08b5740890673a851d2b6aa130c0b6e2b2241aa85157c1edc5b28c57495cf4,archive_only,,Superseded figure version or code-patching helper; V12 is the manuscript generator
followup,cosmos/make_revised_figures_v3.py,70928,f9291425d2145f6b6d93d014e4fdc80bcdcfebd36527a0474dfa6085186b7add,archive_only,,Superseded figure version or code-patching helper; V12 is the manuscript generator
followup,cosmos/make_revised_figures_v4.py,64698,d3a58ce0bc0ac113f1763b769d259fd99293ec54c25fe1b1923a79e60a46134a,archive_only,,Superseded figure version or code-patching helper; V12 is the manuscript generator
followup,cosmos/make_revised_figures_v5.py,64058,503c6004056180b567bedd63cceae7ea5d32fe2a0f42df2beaf9504d1fbf13e2,archive_only,,Superseded figure version or code-patching helper; V12 is the manuscript generator
followup,cosmos/make_revised_figures_v6.py,64058,503c6004056180b567bedd63cceae7ea5d32fe2a0f42df2beaf9504d1fbf13e2,archive_only,,Superseded figure version or code-patching helper; V12 is the manuscript generator
followup,cosmos/make_revised_figures_v7.py,65061,5c53deb7929c05f07fe9101f2a01de3900e5c11aacf2737000745b0bf0b02a31,archive_only,,Superseded figure version or code-patching helper; V12 is the manuscript generator
followup,cosmos/make_revised_figures_v8.py,65400,a6a804b943db63e9070bd318273d74be4fb983a4cb8c0d53da4443ebc0053199,archive_only,,Superseded figure version or code-patching helper; V12 is the manuscript generator
followup,cosmos/make_revised_figures_v9.py,65900,7c3473d73a764c7ef3b230a354d95a2bbd85f019a8f17a47c5c306944f1ee635,archive_only,,Superseded figure version or code-patching helper; V12 is the manuscript generator
followup,cosmos/make_v6_from_v5.py,26802,9750768573ba218044d2e7ef086b87814e84b446dd58a6bc92709cfbcf5a1a51,archive_only,,Superseded figure version or code-patching helper; V12 is the manuscript generator
followup,cosmos/patch_v5_to_v6_wiener.py,11393,8d37e8d81fbbb6174f5bfa62785acf74e4e9f64233ed2407350457a5d047572e,archive_only,,Superseded figure version or code-patching helper; V12 is the manuscript generator
followup,cosmos/pilot_starlet_gaussian_prior.py,21096,cd30e1225c9abf6587b6bc55d99164a4a64ccefa2c8c23d1d9bb24ec7659bc97,archive_only,,Exploratory reweighting or single-case pilot outside final manuscript; stage-1 producer retained separately
followup,cosmos/quantify_photoz_trend.py,19307,d9b46ed5df247d2d581290c1040bf3ac55bd5a2b50c32415c698d65721cf1477,duplicate,code/pipeline/quantify_photoz_trend.py,Byte-identical to retained source; one public copy is sufficient
followup,cosmos/run_admm_gaussian_starlet_audit.py,52179,b162e6f899704cfed2f5c3000f19f454b99ba956e37fd2b93f32330ece18beb4,duplicate,code/pipeline/run_admm_gaussian_starlet_audit.py,Byte-identical to retained source; one public copy is sufficient
followup,cosmos/run_gaussian_starlet_joint_validation.py,31515,28cd0305568df5f2d60976281db5f9aaa345b2e1f8866e061a76d4a23cca6fce,duplicate,code/pipeline/run_gaussian_starlet_joint_validation.py,Byte-identical to retained source; one public copy is sufficient
followup,cosmos/run_gaussian_starlet_reduced_shear.py,40517,0636b37dbb6e9b0efee07a0e520c059175ef697585fea1d349af11569af7c500,duplicate,code/pipeline/run_gaussian_starlet_reduced_shear.py,Byte-identical to retained source; one public copy is sufficient
followup,cosmos/run_gaussian_starlet_test.py,34036,aa165377164da3e9f9b2650df931f67c2f4695bd7911db9e85f1595f6656d059,duplicate,code/pipeline/run_gaussian_starlet_test.py,Byte-identical to retained source; one public copy is sufficient
followup,cosmos/run_gaussian_starlet_validation.py,19364,d672dbb76a0dd8fa06770c53e29bd166a79704f2a85864fb152af69c63ad7d78,duplicate,code/pipeline/run_gaussian_starlet_validation.py,Byte-identical to retained source; one public copy is sufficient
followup,cosmos/run_multiscale_fusion_validation.py,51918,ed5778a0ef58f5f4ba03be0d7634dc9339a624ff38926ccdda04cf52ccb02cc6,duplicate,code/pipeline/run_multiscale_fusion_validation.py,Byte-identical to retained source; one public copy is sufficient
followup,cosmos/run_quantile_reweighted_gaussian_starlet_validation.py,36426,4b84f6e3e181e5dbdeb9fd4136354c92270f45621b4cc31658d8f0f51229a4dd,archive_only,,Exploratory reweighting or single-case pilot outside final manuscript; stage-1 producer retained separately
followup,cosmos/run_reweighted_gaussian_starlet_validation.py,32868,9a2b77681dd58e2564e0ab7348074e23a4ba2f4eb0f53d3e8d52e9210f456c7b,keep,code/pipeline/run_reweighted_gaussian_starlet_validation.py,Stage 1 generates the three validation GS maps consumed by fusion and Appendix A; retain despite later exploratory stage
followup,cosmos/run_weighted_band_fusion_test.py,47433,0a14046cc48bc50b05cf7540e59dfb899799a04576d5aaf46e56091fa6dd4156,duplicate,code/pipeline/run_weighted_band_fusion_test.py,Byte-identical to retained source; one public copy is sufficient
followup,cosmos/run_weighted_band_fusion_validation.py,47615,66eb482f3c544516284399675737cf5cd1b91bdb33289c6efebfa70f325b6ebb,duplicate,code/pipeline/run_weighted_band_fusion_validation.py,Byte-identical to retained source; one public copy is sufficient
followup,cosmos/run_wiener_gaussian_only.py,14123,8d008be60c542f57ac156d3678bc7245b1e1d5ba7442b5d74ae31c54f373d6ef,duplicate,code/pipeline/run_wiener_gaussian_only.py,Byte-identical to retained source; one public copy is sufficient
followup,cosmos/test_prior.py,21249,23edc562862427e8851e6a3f673caf7f387b91636595da5d8130dd6f54f71dae,archive_only,,"Shell heredoc misnamed .py; creates the single-case pilot, not the frozen prior"
followup,glimpse/make_glimpse_repo_tar.sh,18863,4edd35e25729df1ca7dfa92cf775eb1b40c5de278cecfced57dcb83ce808c2db,archive_only,,Superseded/support artifact outside the selected manuscript workflow; original archive retained locally
followup,glimpse/test/glimpse_test_metrics.csv,60617,b235e7e48c488a0cfe0d4c8e1b1cc7c6868ced30179e8a34c6b2e338b9f1ca33,keep,results/test/glimpse_test_metrics.csv,Recovered final case-level data needed for checks and existing consumers
followup,glimpse/test/mcalens/mcalens_test_by_cosmology.csv,406,af9608526fd083dc8608b5e2ca69fd4f5f43c7e9994a8ac7b636015832011311,keep,results/test/mcalens/mcalens_test_by_cosmology.csv,Recovered final case-level data needed for checks and existing consumers
followup,glimpse/test/mcalens/mcalens_test_metrics.csv,130113,82a851bf35724d9d6f6ab1c4cb5c648cf9f31ff72f6b8946fc45956c89481898,keep,results/test/mcalens/mcalens_test_metrics.csv,Recovered final case-level data needed for checks and existing consumers
followup,glimpse/test/mcalens/mcalens_test_summary.csv,273,56b443ef112b4dbc5604405657fedfcd50344d85162906c729d7fd8b203c5672,keep,results/test/mcalens/mcalens_test_summary.csv,Recovered final case-level data needed for checks and existing consumers
followup,glimpse/validation/admm_solver_audit/admm_vs_pdhg_cases.csv,22051,049a8226f3a46d70c43b5efba22641dc69466893db01c4b6fa963c282f5820a3,keep,results/validation/admm_solver_audit/admm_vs_pdhg_cases.csv,Recovered final case-level data needed for checks and existing consumers
followup,glimpse/validation/glimpse_validation_metrics.csv,146060,bb4270afdedbdd9c54f596aa38ea5d794b6c8afd890c4e55f6f0e02609e4403d,keep,results/validation/glimpse_validation_metrics.csv,Recovered final case-level data needed for checks and existing consumers
followup,glimpse/validation/mcalens/fair_validation_pk_config.json,1123,31d4aef311c6946b678dbe9124e6570cc9c46b28bb50d890332ea303c533cb49,keep,config/priors/fair_validation_pk_config.json,Recorded construction and validation-only provenance of prior
followup,glimpse/validation/mcalens/fair_validation_pk_mean.npy,1112,2f701c74c5c89885cb12861504108b0ee32ee3498e7a3669923f75199a73a843,keep,config/priors/fair_validation_pk_mean.npy,"Exact 1112-byte validation prior shared by Wiener, GS and MCALens"
followup,glimpse/validation/mcalens/mcalens_validation_metrics.csv,39794,2bbfb6b26b2b3fc4f463b6fd3d69d0618aa9f3dfc79949ed8b3fd212dd9e5755,keep,results/validation/mcalens/mcalens_validation_metrics.csv,Recovered final case-level data needed for checks and existing consumers
manuscript,elsarticle-harv.bst,30002,8f21c3397c5fddefb1284f36f28167c1163057ddf09ffe7b709493420ebffea3,reference_only,,Manuscript reference; no public redistribution of draft article or publisher files
manuscript,elsarticle.dtx,47087,fa302d1b7620fbd087fb7f227f8a13178e4fe8a847b5e2db346d8b3c3196ccad,reference_only,,Manuscript reference; no public redistribution of draft article or publisher files
manuscript,elsarticle.ins,2626,ab89fffae636fb187ad36afcffae4146334fdb51639fd8f9483900e86d4e9f45,reference_only,,Manuscript reference; no public redistribution of draft article or publisher files
manuscript,fig_ablation_revised.pdf,16644,cfd05c1c419963db2b6bd6a2609e843b962d7f5d031a8168264d32daa1175966,reference_only,,Manuscript reference; no public redistribution of draft article or publisher files
manuscript,fig_field_metrics_revised.pdf,29938,6fe56c8aa577ee9cde197189d880f94354f2b27856aec5a7def867f5dbc091e3,reference_only,,Manuscript reference; no public redistribution of draft article or publisher files
manuscript,fig_maps_revised.pdf,889034,927a9f4c615b0619507bf43cd58a4cfea15e358686b958b78a0cfeded5b49b6c,reference_only,,Manuscript reference; no public redistribution of draft article or publisher files
manuscript,fig_peak_amplitude_revised.pdf,16047,67bf77977454be011f8be3cbb18cf6e15a9f3b01b9688ec2f53d4399118e73ef,reference_only,,Manuscript reference; no public redistribution of draft article or publisher files
manuscript,fig_peak_pr_revised.pdf,31586,ae451b1f00b412af5edf7c1b1e6767edca148740e4ba3521bd51382fea1cf745,reference_only,,Manuscript reference; no public redistribution of draft article or publisher files
manuscript,fig_spectral_revised.pdf,30595,7f7c0b7c9de24ca88a649e74e103910045f9cbd74c177115d0601bc79771f705,reference_only,,Manuscript reference; no public redistribution of draft article or publisher files
manuscript,main.tex,60905,124dcde186628df00b1deb94e07de73b22085de075daad31115e8e96e78d4f9f,reference_only,,Manuscript reference; no public redistribution of draft article or publisher files
manuscript,makefile,606,f443c6090cb19a6500453d8dee1fadcde764d35a1fc1f7b445f8035c4911f762,reference_only,,Manuscript reference; no public redistribution of draft article or publisher files
manuscript,pdfwidgets.sty,12495,66cd205e53d9dd28960c820108d4bd8eab86e25cf626ec65ec413367fce75086,reference_only,,Manuscript reference; no public redistribution of draft article or publisher files
manuscript,references_revised.bib,3126,152e0f107380aa5be329f66532f02f47af72abfe6093031047a9104fb3f6d30c,reference_only,,Manuscript reference; no public redistribution of draft article or publisher files
manuscript,references_revised_final.bib,14554,d8dee2a1a29f0c9e5da80516bc60fc51ccf080854003cd6589677f570f2f0950,reference_only,,Manuscript reference; no public redistribution of draft article or publisher files
manuscript,references_revised_final_v2.bib,12100,c0f4e5e89ce0128d2fce443012e3b1d7bf3e4ce86c026883f5ea0999e514da57,reference_only,,Manuscript reference; no public redistribution of draft article or publisher files
manuscript,references_submission.bib,12248,12fa87d9e8b224e02b550779949e65378f93fb69f4445f46f8e82362e7523f5f,reference_only,,Manuscript reference; no public redistribution of draft article or publisher files
manuscript,rvdtx.sty,14106,77029bd77f12e7b185469c59940c9bd0385d20da8582285f549ea6042441584d,reference_only,,Manuscript reference; no public redistribution of draft article or publisher files
final_gaps,collection_report.json,32759,f3743058161d25b7747c173aa1e775e3a711e4e7df1c6232a21f045d7d5ba507,archive_only,,Superseded/support artifact outside the selected manuscript workflow; original archive retained locally
final_gaps,cosmos/36 - DWT e Starlet ponderados.ipynb,942140,6ff4affae67faca98f3bcf7a2201b6428c94b57a9f95f4126f345c72882d1918,archive_only,,Historical notebook; calibration excerpts retained separately with exact cell and line provenance
final_gaps,cosmos/analyze_square_science_diagnostics.py,56160,719a57e6da2ecbf2f230cc51c2774c4aca7504258f901acc4121a2d529180760,archive_only,,Superseded/support artifact outside the selected manuscript workflow; original archive retained locally
final_gaps,cosmos/audit_glimpse_v2.py,29120,57c832cc4d92a4d9a7961dfd3d30f57a21ac95923f274215435486c171b4f594,archive_only,,"Earlier geometry, diagnostic definition, or audit superseded by manuscript-specific products"
final_gaps,cosmos/audit_reduced_shear_existing.py,11261,fd2ed7c390a5a04bee282fb42f6db8f4acb87895a6c7560591a5ace61cfd0105,archive_only,,Superseded/support artifact outside the selected manuscript workflow; original archive retained locally
final_gaps,cosmos/bootstrap_peak_prauc_v5.py,27537,961a5e229d966b570552e89be00711058d84c3486f38bb0f7c5964c66c96d5af,duplicate,code/pipeline/bootstrap_peak_prauc_v5_with_gs_mcalens_bootstrap.py,Byte-identical to retained source; one public copy is sufficient
final_gaps,cosmos/bootstrap_peak_prauc_v5_with_gs_mcalens_bootstrap.py,27537,961a5e229d966b570552e89be00711058d84c3486f38bb0f7c5964c66c96d5af,duplicate,code/pipeline/bootstrap_peak_prauc_v5_with_gs_mcalens_bootstrap.py,Byte-identical to retained source; one public copy is sufficient
final_gaps,cosmos/build_figures_v7.py,25486,223db5daa6783b7dfaf42ad0cd1aaec8325593fa3165c885d096299959fa3896,archive_only,,Superseded figure version or code-patching helper; V12 is the manuscript generator
final_gaps,cosmos/build_v11_final_figures.py,9822,b5bb69e8e80cd8fb90a9e0063d926700c4a3bd8cb39eccd4209b0cee9e0ce6db,archive_only,,Superseded figure version or code-patching helper; V12 is the manuscript generator
final_gaps,cosmos/build_v7_exact.py,17427,663df3a445c51ce327d4e19b9d1d108ec4b7144ffbccee7b6806c359c4e8f9a3,archive_only,,Superseded figure version or code-patching helper; V12 is the manuscript generator
final_gaps,cosmos/build_v7_exact_from_v5.py,29663,488abc21ff3085108313ed97c2c3da96fb14d5adadda0c012f72f7a8f6c2c6f3,archive_only,,Superseded figure version or code-patching helper; V12 is the manuscript generator
final_gaps,cosmos/build_v8_images.py,24273,d9f9839d716248c76a4956c6a4ecc201462c7d0eb3416d14202b9fd8cac6461a,archive_only,,Superseded figure version or code-patching helper; V12 is the manuscript generator
final_gaps,cosmos/build_v9_images.py,20088,29eb600bb9d0b95d6d6c107f913fc5dc8ad2d3a1e2193c5c3162bb68dab1b8d3,archive_only,,Superseded figure version or code-patching helper; V12 is the manuscript generator
final_gaps,cosmos/build_v9_spectral.py,9210,9aae6ea02929471d62dc2980a53d9b33b9b553cc68c245f2a5822341c75dc1e2,archive_only,,Superseded figure version or code-patching helper; V12 is the manuscript generator
final_gaps,cosmos/collect_missing_material.py,8327,3024c7f3423db2ca09223fe2dec2d6c92c93c58110e23f48868b1bf66dec7139,archive_only,,Superseded/support artifact outside the selected manuscript workflow; original archive retained locally
final_gaps,cosmos/generate_mcalens_validation_maps.py,22369,8b5559ba8231004756ca01514b61b045ac6b448fb061382a31fc24e04420e5a6,duplicate,code/pipeline/generate_mcalens_validation_maps.py,Byte-identical to retained source; one public copy is sufficient
final_gaps,cosmos/make_cosmos_repo_tar.sh,13734,7eaaf8fdb88b4e8a80cca2965e74653bfd9852439fdb623ae0b18165f1ce53db,archive_only,,Superseded/support artifact outside the selected manuscript workflow; original archive retained locally
final_gaps,cosmos/make_revised_figures.py,54829,11cce7ee70bc520a9b5247c89176e428a7264d0a4c1c6293ff47048d3de3167b,archive_only,,Superseded figure version or code-patching helper; V12 is the manuscript generator
final_gaps,cosmos/make_revised_figures_v10.py,65900,3648980a4260ff9ee16eb6078fec929d8468895b04bb179b8eeb760618ba0e26,archive_only,,Superseded figure version or code-patching helper; V12 is the manuscript generator
final_gaps,cosmos/make_revised_figures_v11.py,65006,99a421d0ce0d79a4fb8a8bf0c9213263ce62a1fbf58214f6b6b9b787ace068b5,archive_only,,Superseded figure version or code-patching helper; V12 is the manuscript generator
final_gaps,cosmos/make_revised_figures_v12.py,65005,2117958af97ce14c0d506cffe57f21ee1a08bb3d27ef1592d355178246973839,duplicate,code/pipeline/make_revised_figures_v12.py,Byte-identical to retained source; one public copy is sufficient
final_gaps,cosmos/make_revised_figures_v2.py,61572,7e08b5740890673a851d2b6aa130c0b6e2b2241aa85157c1edc5b28c57495cf4,archive_only,,Superseded figure version or code-patching helper; V12 is the manuscript generator
final_gaps,cosmos/make_revised_figures_v3.py,70928,f9291425d2145f6b6d93d014e4fdc80bcdcfebd36527a0474dfa6085186b7add,archive_only,,Superseded figure version or code-patching helper; V12 is the manuscript generator
final_gaps,cosmos/make_revised_figures_v4.py,64698,d3a58ce0bc0ac113f1763b769d259fd99293ec54c25fe1b1923a79e60a46134a,archive_only,,Superseded figure version or code-patching helper; V12 is the manuscript generator
final_gaps,cosmos/make_revised_figures_v5.py,64058,503c6004056180b567bedd63cceae7ea5d32fe2a0f42df2beaf9504d1fbf13e2,archive_only,,Superseded figure version or code-patching helper; V12 is the manuscript generator
final_gaps,cosmos/make_revised_figures_v6.py,64058,503c6004056180b567bedd63cceae7ea5d32fe2a0f42df2beaf9504d1fbf13e2,archive_only,,Superseded figure version or code-patching helper; V12 is the manuscript generator
final_gaps,cosmos/make_revised_figures_v7.py,65061,5c53deb7929c05f07fe9101f2a01de3900e5c11aacf2737000745b0bf0b02a31,archive_only,,Superseded figure version or code-patching helper; V12 is the manuscript generator
final_gaps,cosmos/make_revised_figures_v8.py,65400,a6a804b943db63e9070bd318273d74be4fb983a4cb8c0d53da4443ebc0053199,archive_only,,Superseded figure version or code-patching helper; V12 is the manuscript generator
final_gaps,cosmos/make_revised_figures_v9.py,65900,7c3473d73a764c7ef3b230a354d95a2bbd85f019a8f17a47c5c306944f1ee635,archive_only,,Superseded figure version or code-patching helper; V12 is the manuscript generator
final_gaps,cosmos/make_v6_from_v5.py,26802,9750768573ba218044d2e7ef086b87814e84b446dd58a6bc92709cfbcf5a1a51,archive_only,,Superseded figure version or code-patching helper; V12 is the manuscript generator
final_gaps,cosmos/pilot_starlet_gaussian_prior.py,21096,cd30e1225c9abf6587b6bc55d99164a4a64ccefa2c8c23d1d9bb24ec7659bc97,archive_only,,Exploratory reweighting or single-case pilot outside final manuscript; stage-1 producer retained separately
final_gaps,cosmos/quantify_photoz_trend.py,19307,d9b46ed5df247d2d581290c1040bf3ac55bd5a2b50c32415c698d65721cf1477,duplicate,code/pipeline/quantify_photoz_trend.py,Byte-identical to retained source; one public copy is sufficient
final_gaps,cosmos/run_admm_gaussian_starlet_audit.py,52179,b162e6f899704cfed2f5c3000f19f454b99ba956e37fd2b93f32330ece18beb4,duplicate,code/pipeline/run_admm_gaussian_starlet_audit.py,Byte-identical to retained source; one public copy is sufficient
final_gaps,cosmos/run_gaussian_starlet_reduced_shear.py,40517,0636b37dbb6e9b0efee07a0e520c059175ef697585fea1d349af11569af7c500,duplicate,code/pipeline/run_gaussian_starlet_reduced_shear.py,Byte-identical to retained source; one public copy is sufficient
final_gaps,cosmos/run_gaussian_starlet_test.py,34036,aa165377164da3e9f9b2650df931f67c2f4695bd7911db9e85f1595f6656d059,duplicate,code/pipeline/run_gaussian_starlet_test.py,Byte-identical to retained source; one public copy is sufficient
final_gaps,cosmos/run_quantile_reweighted_gaussian_starlet_validation.py,36426,4b84f6e3e181e5dbdeb9fd4136354c92270f45621b4cc31658d8f0f51229a4dd,archive_only,,Exploratory reweighting or single-case pilot outside final manuscript; stage-1 producer retained separately
final_gaps,cosmos/run_reweighted_gaussian_starlet_validation.py,32868,9a2b77681dd58e2564e0ab7348074e23a4ba2f4eb0f53d3e8d52e9210f456c7b,duplicate,code/pipeline/run_reweighted_gaussian_starlet_validation.py,Byte-identical to retained source; one public copy is sufficient
final_gaps,cosmos/run_weighted_band_fusion_test.py,47433,0a14046cc48bc50b05cf7540e59dfb899799a04576d5aaf46e56091fa6dd4156,duplicate,code/pipeline/run_weighted_band_fusion_test.py,Byte-identical to retained source; one public copy is sufficient
final_gaps,cosmos/run_weighted_band_fusion_validation.py,47615,66eb482f3c544516284399675737cf5cd1b91bdb33289c6efebfa70f325b6ebb,duplicate,code/pipeline/run_weighted_band_fusion_validation.py,Byte-identical to retained source; one public copy is sufficient
final_gaps,cosmos/run_wiener_gaussian_only.py,14123,8d008be60c542f57ac156d3678bc7245b1e1d5ba7442b5d74ae31c54f373d6ef,duplicate,code/pipeline/run_wiener_gaussian_only.py,Byte-identical to retained source; one public copy is sufficient
final_gaps,cosmos/test_prior.py,21249,23edc562862427e8851e6a3f673caf7f387b91636595da5d8130dd6f54f71dae,archive_only,,"Shell heredoc misnamed .py; creates the single-case pilot, not the frozen prior"
final_gaps,cosmos/weak_lensing_pipeline.py,50626,dd69b9717e78290c032e581c4e7f24af2ef5033d5f2ec034d317705b72969f73,duplicate,code/pipeline/weak_lensing_pipeline.py,Byte-identical to retained source; one public copy is sufficient
final_gaps,glimpse/make_glimpse_repo_tar.sh,18863,4edd35e25729df1ca7dfa92cf775eb1b40c5de278cecfced57dcb83ce808c2db,archive_only,,Superseded/support artifact outside the selected manuscript workflow; original archive retained locally
final_gaps,glimpse/test/gaussian_starlet_reduced_shear/gaussian_starlet_reduced_shear_bootstrap.csv,466,9a885787d9131771e984d8bef6cb7917db3844377429de46a0c5e3745be65c7a,keep,results/test/gaussian_starlet_reduced_shear/gaussian_starlet_reduced_shear_bootstrap.csv,Final 480-patch GS reduced-shear robustness evidence for Section 4.8
final_gaps,glimpse/test/gaussian_starlet_reduced_shear/gaussian_starlet_reduced_shear_by_cosmology.csv,434,0cae87a59a568b0673e40eb8f099a446dd445d83cf1be06e88cc0c98d4526e7a,keep,results/test/gaussian_starlet_reduced_shear/gaussian_starlet_reduced_shear_by_cosmology.csv,Final 480-patch GS reduced-shear robustness evidence for Section 4.8
final_gaps,glimpse/test/gaussian_starlet_reduced_shear/gaussian_starlet_reduced_shear_cases.csv,138077,a70e5c62d16856103579e3e43376f1b91749b4bb754e6a6afa97d7966108ddf5,keep,results/test/gaussian_starlet_reduced_shear/gaussian_starlet_reduced_shear_cases.csv,Final 480-patch GS reduced-shear robustness evidence for Section 4.8
final_gaps,glimpse/test/gaussian_starlet_reduced_shear/gaussian_starlet_reduced_shear_summary.csv,657,5110bf09721dd09db8944f901cbaf26f6e86ab41a6484a41feb0d9a06625ff79,keep,results/test/gaussian_starlet_reduced_shear/gaussian_starlet_reduced_shear_summary.csv,Final 480-patch GS reduced-shear robustness evidence for Section 4.8
final_gaps,glimpse/test/mcalens/mcalens_test_by_cosmology.csv,406,af9608526fd083dc8608b5e2ca69fd4f5f43c7e9994a8ac7b636015832011311,duplicate,results/test/mcalens/mcalens_test_by_cosmology.csv,Byte-identical to retained source; one public copy is sufficient
final_gaps,glimpse/test/mcalens/mcalens_test_metrics.csv,130113,82a851bf35724d9d6f6ab1c4cb5c648cf9f31ff72f6b8946fc45956c89481898,duplicate,results/test/mcalens/mcalens_test_metrics.csv,Byte-identical to retained source; one public copy is sufficient
final_gaps,glimpse/test/mcalens/mcalens_test_summary.csv,273,56b443ef112b4dbc5604405657fedfcd50344d85162906c729d7fd8b203c5672,duplicate,results/test/mcalens/mcalens_test_summary.csv,Byte-identical to retained source; one public copy is sufficient
final_gaps,glimpse/validation/weighted_band_fusion/SCIENCE_SUMMARY.csv,2896,84da84225c0a8cd4a4ac0891ffeecff295ebe0e78e5e2014d328824bbcc252b2,keep,results/validation/weighted_band_fusion/SCIENCE_SUMMARY.csv,Validation-only multi-observable fusion grid; does not by itself define the historical selection rule
final_gaps,glimpse/validation/weighted_band_fusion/spectral_scores.csv,851,e8e3cb6acbc0d4520119739de2b8164541cae2964632da6b3fbfadc33f29ad65,keep,results/validation/weighted_band_fusion/spectral_scores.csv,Validation-only multi-observable fusion grid; does not by itself define the historical selection rule
final_gaps,mcalens_checkout/build_fair_validation_pk.py,11468,e8e57a5bcbf19b446624a1ab7de87b120ec24f97a55b5c35070ea3965f05f18a,keep,code/pipeline/build_fair_validation_pk.py,Recovered prior or MCALens driver; original validation runner resumes an existing grid and currently sets NSIGMAS=[6]
final_gaps,mcalens_checkout/examples/mcalens_paper/make_fig.py,26844,014ad7692b22af9ada272ca0f0b7168ff2ebe786980bb5b61cfc7f9acb6626b1,archive_only,,Third-party library/example available at pinned CosmoStat commit; local starlet modification preserved in the recorded patch
final_gaps,mcalens_checkout/examples/mrs.ipynb,3914,919101f7d3791435aceef944b5118b2507aa227f22f08b8d0c18ac0a131117e3,archive_only,,Third-party library/example available at pinned CosmoStat commit; local starlet modification preserved in the recorded patch
final_gaps,mcalens_checkout/examples/sparse2d.ipynb,19096,fd8770e2a48b362c17804fe728f419f10bf30c08c6b51305d080f730aec957d2,archive_only,,Third-party library/example available at pinned CosmoStat commit; local starlet modification preserved in the recorded patch
final_gaps,mcalens_checkout/pilot_mcalens_C0_R0_P0.py,10355,04866f03dc9e8fa495c4f6cba76a85d03c9ea82a3f6cf0dbf10d2a5974c54b5b,archive_only,,Exploratory reweighting or single-case pilot outside final manuscript; stage-1 producer retained separately
final_gaps,mcalens_checkout/pycs/astro/wl/hos_peaks_l1.py,40250,47ef4d17e013a36c2f80999560e2755c72b952ec37fe1c42cb913cfd573238ba,archive_only,,Third-party library/example available at pinned CosmoStat commit; local starlet modification preserved in the recorded patch
final_gaps,mcalens_checkout/pycs/astro/wl/mass_mapping.py,70050,951e060d96bf9a628c214ee90fef3bb7366f6811f99391d6f1c7f8b2ccf60ab9,archive_only,,Third-party library/example available at pinned CosmoStat commit; local starlet modification preserved in the recorded patch
final_gaps,mcalens_checkout/pycs/astro/wl/spherical_mass_mapping.py,11386,4e1b1a2cbf9e8e57865f68e770365e0b2ed0e30f43995c347ccc94c1c600508b,archive_only,,Third-party library/example available at pinned CosmoStat commit; local starlet modification preserved in the recorded patch
final_gaps,mcalens_checkout/pycs/misc/im_isospec.py,978,b1a13b28dcb43c0a7e54cf836c42a653c56fc8d92b990258d784fb5b91226aea,archive_only,,Third-party library/example available at pinned CosmoStat commit; local starlet modification preserved in the recorded patch
final_gaps,mcalens_checkout/pycs/misc/mr_prog.py,2058,6f08aa1cae94919a0a7b24f96e5985c389fcdecb89b9946d84bea860d22130b1,archive_only,,Third-party library/example available at pinned CosmoStat commit; local starlet modification preserved in the recorded patch
final_gaps,mcalens_checkout/pycs/sparsity/mrs/mrs_starlet.py,48081,62a591a44fad7b79ac9ee85d2c7ee775f526765af0207057a26497f12c7600fd,archive_only,,Third-party library/example available at pinned CosmoStat commit; local starlet modification preserved in the recorded patch
final_gaps,mcalens_checkout/pycs/sparsity/mrs/mrs_tools.py,16191,7ce85337fab6bc451632069eadc523b1481400f611a6a20fcbba90edfc0b3dc1,archive_only,,Third-party library/example available at pinned CosmoStat commit; local starlet modification preserved in the recorded patch
final_gaps,mcalens_checkout/pycs/sparsity/sparse2d/bss_eval.py,8921,03bb1682029059b9b3975e2a02ea5da9a9003995e208bcf2f95cce6943f6d9fb,archive_only,,Third-party library/example available at pinned CosmoStat commit; local starlet modification preserved in the recorded patch
final_gaps,mcalens_checkout/pycs/sparsity/sparse2d/dct_inpainting.py,2364,e9db4f2b71258d0f49a8ca3d8a7a15272fb757695a803e34efb71442645ead09,archive_only,,Third-party library/example available at pinned CosmoStat commit; local starlet modification preserved in the recorded patch
final_gaps,mcalens_checkout/pycs/sparsity/sparse2d/mr_gmca.py,5986,f1f71e5f4986e3e7e3591352ddda80f611c4265d59d52cc34143766301b94719,archive_only,,Third-party library/example available at pinned CosmoStat commit; local starlet modification preserved in the recorded patch
final_gaps,mcalens_checkout/pycs/sparsity/sparse2d/starlet.py,34983,e8ffedc8467ea3307a07707c9ed5f3bcbb4ceab1449710cdbe1dfee14dac29d5,archive_only,,Third-party library/example available at pinned CosmoStat commit; local starlet modification preserved in the recorded patch
final_gaps,mcalens_checkout/pycs/sparsity/sparse3d/mr2d1d_filter.py,27950,27f35e4a32b67839202485238dbf982bea049d322e7949af5cae92779905aa86,archive_only,,Third-party library/example available at pinned CosmoStat commit; local starlet modification preserved in the recorded patch
final_gaps,mcalens_checkout/run_mcalens_test.py,19670,e8bf1ff9aea06ba0a50d0f4176c4e228433a20f5fdbed32df8c4f56b05c75009,keep,code/pipeline/run_mcalens_test.py,Recovered prior or MCALens driver; original validation runner resumes an existing grid and currently sets NSIGMAS=[6]
final_gaps,mcalens_checkout/run_mcalens_validation.py,10132,e6d02871fed1f22e867491d7955b3a42456407c63a292270ba3224da7eb4f9ee,keep,code/pipeline/run_mcalens_validation.py,Recovered prior or MCALens driver; original validation runner resumes an existing grid and currently sets NSIGMAS=[6]
