manuscript_label,kind,data_sources,producer,status
tab:test_field,table,results/test/square/; results/test/glimpse_test_metrics.csv; results/test/mcalens/; results/wiener/; results/test/starlet_gaussian_prior/; results/test/fusion/,code/pipeline/run_square_starlet_comparison.py; code/pipeline/run_gaussian_starlet_test.py; code/pipeline/run_wiener_gaussian_only.py; code/pipeline/run_weighted_band_fusion_test.py; code/glimpse/,All eight per-case means and case grids verified at printed precision
tab:prior_factorial,table,Same field case tables as tab:test_field,tools/check_paper_tables.py,Differences relative to KS verified at printed precision
tab:spectral_summary,table,results/paper/spectral_curves.csv,code/pipeline/make_revised_figures_v12.py,Final V12 block/bin averages verified; older spectral_scores.csv is not this table
tab:peak_summary,table,results/paper/peak_completeness_purity.csv; results/paper/peak_amplitude.csv,code/pipeline/make_revised_figures_v12.py,All nine AUC and amplitude values verified at printed precision
tab:peak_bootstrap,table,results/test/peak_bootstrap_v5/peak_prauc_block_bootstrap.csv,code/pipeline/bootstrap_peak_prauc_v5_with_gs_mcalens_bootstrap.py,All nine differences and intervals verified; no bootstrap rerun
tab:photoz,table,results/test/photoz_audit/photoz_regression_summary.csv,code/pipeline/quantify_photoz_trend.py,"Slopes, intervals and relative effects verified at printed precision"
tab:solver_audit,appendix table,results/validation/admm_solver_audit/admm_vs_pdhg_cases.csv; results/validation/admm_solver_audit/admm_vs_pdhg_summary.csv,code/pipeline/run_admm_gaussian_starlet_audit.py,30-case aggregate and stopping criteria verified
fig:maps,figure,Raw FAIR and reconstructed GS/MCALens/fusion maps; all principal map generators supplied,code/pipeline/make_revised_figures_v12.py,Referenced by manuscript; figure not regenerated; unchanged generator requires maps even where compact CSVs exist
fig:field_metrics,figure,results/paper/field_metrics_frozen.csv,code/pipeline/make_revised_figures_v12.py,Referenced by manuscript; figure not regenerated; unchanged generator requires maps even where compact CSVs exist
fig:spectral,figure,results/paper/spectral_curves.csv,code/pipeline/make_revised_figures_v12.py,Referenced by manuscript; figure not regenerated; unchanged generator requires maps even where compact CSVs exist
fig:peak_pr,figure,results/paper/peak_completeness_purity.csv,code/pipeline/make_revised_figures_v12.py,Referenced by manuscript; figure not regenerated; unchanged generator requires maps even where compact CSVs exist
fig:peak_amp,figure,results/paper/peak_amplitude.csv,code/pipeline/make_revised_figures_v12.py,Referenced by manuscript; figure not regenerated; unchanged generator requires maps even where compact CSVs exist
sec:results_systematics reduced shear,prose,results/test/gaussian_starlet_reduced_shear/,code/pipeline/run_gaussian_starlet_reduced_shear.py,"480-case grid, aggregate changes and stored bootstrap intervals verified at printed precision; no resampling rerun"
validation prior,method/input,config/priors/,code/pipeline/build_fair_validation_pk.py,Original array and construction script present; prior not regenerated
MCALens,method,results/validation/mcalens/; results/test/mcalens/,code/pipeline/run_mcalens_validation.py; code/pipeline/generate_mcalens_validation_maps.py; code/pipeline/run_mcalens_test.py,Validation runner saved at NSIGMAS=[6] and resumes prior rows; frozen map/test runs use Nsigma=5
sec:comparators GLIMPSE audit,prose,results/test/glimpse_final_audit/,code/glimpse/audit_glimpse_fits_final.py,Final audit evidence retained
sec:fusion; sec:results_validation,method/selection,results/validation/multiscale_fusion/; results/validation/weighted_band_fusion/,code/pipeline/run_multiscale_fusion_validation.py; code/pipeline/run_weighted_band_fusion_validation.py,Retain hard-band/grid evidence; original multi-observable choice criterion needs documentation
