metric,a1_075_a2_075,a1_075_a2_050,delta_chosen_minus_min_nmse,interpretation_direction,chosen_improves
nmse,0.6395322329318702,0.639125826934319,0.0004064059975512624,menor,False
pcc,0.5995990679028709,0.5995856429479247,1.3424954946161805e-05,maior,True
std_ratio,0.636276923815957,0.6289669041416347,0.007310019674322321,mais próximo de 1,True
mean_abs_T_error,0.4094037928769888,0.415994033329557,-0.006590240452568175,menor,True
mean_abs_A_error,0.37834089419450534,0.392055536489867,-0.013714642295361679,menor,True
mean_r_ell,0.741660774155644,0.7414018279874938,0.0002589461681502536,maior,True
PR_AUC_2arc,0.6281570916290129,0.6291746397934131,-0.0010175481644002504,maior,False
PR_AUC_4arc,0.6153356641041499,0.61549606990996,-0.00016040580581011543,maior,False
PR_AUC_6arc,0.6345976072495065,0.6219931249286367,0.012604482320869859,maior,True
peak_amp_2arc,0.5805653057608076,0.5737897556546732,0.006775550106134398,mais próximo de 1,True
peak_amp_4arc,0.8291270742829298,0.804561066543722,0.024566007739207807,mais próximo de 1,True
peak_amp_6arc,0.8723094532941924,0.8527391256448411,0.019570327649351293,mais próximo de 1,True
